full ID,dam,sire
C00-01,0,0
C00-02,0,0
C00-03,0,0
C00-04,0,0
C00-05,0,0
C00-06,0,0
C00-07,0,0
C00-08,0,0
C00-09,0,0
C00-10,0,0
C00-11,0,0
C00-12,0,0
C00-13,0,0
C00-14,0,0
C00-15,0,0
C00-16,0,0
C00-17,0,0
C00-18,0,0
C00-19,0,0
C00-20,0,0
C01-0102-,C00-01,C00-02
C01-0103-,C00-01,C00-03
C01-0104-,C00-01,C00-04
C01-0105~,C00-01,C00-05
C01-0201-,C00-02,C00-01
C01-0203-,C00-02,C00-03
C01-0204-,C00-02,C00-04
C01-0205-,C00-02,C00-05
C01-0301-,C00-03,C00-01
C01-0302-,C00-03,C00-02
C01-0304-,C00-03,C00-04
C01-0305-,C00-03,C00-05
C01-0401-,C00-04,C00-01
C01-0402-,C00-04,C00-02
C01-0403-,C00-04,C00-03
C01-0405,C00-04,C00-05
C01-0501-,C00-05,C00-01
C01-0502~,C00-05,C00-02
C01-0503-,C00-05,C00-03
C01-0504-,C00-05,C00-04
C01-0607-,C00-06,C00-07
C01-0620,C00-06,C00-20
C01-0706-,C00-07,C00-06
C01-0708-,C00-07,C00-08
C01-0807-,C00-08,C00-07
C01-0809~,C00-08,C00-09
C01-0908-,C00-09,C00-08
C01-0910-,C00-09,C00-10
C01-1009-,C00-10,C00-09
C01-1011~,C00-10,C00-11
C01-1110-,C00-11,C00-10
C01-1112-,C00-11,C00-12
C01-1211-,C00-12,C00-11
C01-1213-,C00-12,C00-13
C01-1312~,C00-13,C00-12
C01-1314-,C00-13,C00-14
C01-1413,C00-14,C00-13
C01-1415-,C00-14,C00-15
C01-1514-,C00-15,C00-14
C01-1516~,C00-15,C00-16
C01-1615-,C00-16,C00-15
C01-1617~,C00-16,C00-17
C01-1716~,C00-17,C00-16
C01-1718~,C00-17,C00-18
C01-1817-,C00-18,C00-17
C01-1819~,C00-18,C00-19
C01-1918,C00-19,C00-18
C01-1920-,C00-19,C00-20
C01-2006~,C00-20,C00-06
C01-2019,C00-20,C00-19
C02-0102-,C01-0301-,C01-0504-
C02-0103-,C01-0301-,C01-0708-
C02-0104-,C01-0301-,C01-0405
C02-0105-,C01-0301-,C01-2006~
C02-0201-,C01-0504-,C01-0301-
C02-0203-,C01-0504-,C01-0708-
C02-0204-,C01-0504-,C01-0405
C02-0205-,C01-0504-,C01-2006~
C02-0301-,C01-0708-,C01-0301-
C02-0302-,C01-0708-,C01-0504-
C02-0304~,C01-0708-,C01-0405
C02-0305~,C01-0708-,C01-2006~
C02-0401-,C01-0405,C01-0301-
C02-0402-,C01-0405,C01-0504-
C02-0403-,C01-0405,C01-0708-
C02-0405-,C01-0405,C01-2006~
C02-0501-,C01-2006~,C01-0301-
C02-0502-,C01-2006~,C01-0504-
C02-0503-,C01-2006~,C01-0708-
C02-0504-,C01-2006~,C01-0405
C02-0607~,C01-0201-,C01-0809~
C02-0620-,C01-0201-,C01-0302-
C02-0706-,C01-0809~,C01-0201-
C02-0708-,C01-0809~,C01-1516~
C02-0807-,C01-1516~,C01-0809~
C02-0809-,C01-1516~,C01-1615-
C02-0908-,C01-1615-,C01-1516~
C02-0910-,C01-1615-,C01-0105~
C02-1009-,C01-0105~,C01-1615-
C02-1011-,C01-0105~,C01-1213-
C02-1110-,C01-1213-,C01-0105~
C02-1112-,C01-1213-,C01-1110-
C02-1211-,C01-1110-,C01-1213-
C02-1213-,C01-1110-,C01-0910-
C02-1312-,C01-0910-,C01-1110-
C02-1314~,C01-0910-,C01-0401-
C02-1413-,C01-0401-,C01-0910-
C02-1415-,C01-0401-,C01-1817-
C02-1514-,C01-1817-,C01-0401-
C02-1516~,C01-1817-,C01-0908-
C02-1615,C01-0908-,C01-1817-
C02-1617-,C01-0908-,C01-1718~
C02-1716-,C01-1718~,C01-0908-
C02-1718-,C01-1718~,C01-0204-
C02-1817-,C01-0204-,C01-1718~
C02-1819-,C01-0204-,C01-0104-
C02-1918-,C01-0104-,C01-0204-
C02-1920-,C01-0104-,C01-0302-
C02-2006-,C01-0302-,C01-0201-
C02-2019-,C01-0302-,C01-0104-
C03-0102-,C02-0403-,C02-0503-
C03-0103~,C02-0403-,C02-1314~
C03-0104,C02-0403-,C02-0809-
C03-0105-,C02-0403-,C02-1718-
C03-0201-,C02-0503-,C02-0403-
C03-0203-,C02-0503-,C02-1314~
C03-0204~,C02-0503-,C02-0809-
C03-0205-,C02-0503-,C02-1718-
C03-0301-,C02-1314~,C02-0403-
C03-0302,C02-1314~,C02-0503-
C03-0304~,C02-1314~,C02-0809-
C03-0305-,C02-1314~,C02-1718-
C03-0401~,C02-0809-,C02-0403-
C03-0402,C02-0809-,C02-0503-
C03-0403,C02-0809-,C02-1314~
C03-0405~,C02-0809-,C02-1718-
C03-0501-,C02-1718-,C02-0403-
C03-0502,C02-1718-,C02-0503-
C03-0503-,C02-1718-,C02-1314~
C03-0504~,C02-1718-,C02-0809-
C03-0607-,C02-0607~,C02-0105-
C03-0620-,C02-0607~,C02-1516~
C03-0706-,C02-0105-,C02-0607~
C03-0708-,C02-0105-,C02-0302-
C03-0807-,C02-0302-,C02-0105-
C03-0809-,C02-0302-,C02-0103-
C03-0908-,C02-0103-,C02-0302-
C03-0910,C02-0103-,C02-0203-
C03-1009~,C02-0203-,C02-0103-
C03-1011-,C02-0203-,C02-0807-
C03-1110-,C02-0807-,C02-0203-
C03-1112,C02-0807-,C02-1312-
C03-1211-,C02-1312-,C02-0807-
C03-1213-,C02-1312-,C02-1819-
C03-1312,C02-1819-,C02-1312-
C03-1314~,C02-1819-,C02-0401-
C03-1413-,C02-0401-,C02-1819-
C03-1415~,C02-0401-,C02-1413-
C03-1514-,C02-1413-,C02-0401-
C03-1516-,C02-1413-,C02-0304~
C03-1615-,C02-0304~,C02-1413-
C03-1617-,C02-0304~,C02-1514-
C03-1716-,C02-1514-,C02-0304~
C03-1718-,C02-1514-,C02-1415-
C03-1817-,C02-1415-,C02-1514-
C03-1819~,C02-1415-,C02-0405-
C03-1918,C02-0405-,C02-1415-
C03-1920-,C02-0405-,C02-1516~
C03-2006-,C02-1516~,C02-0607~
C03-2019-,C02-1516~,C02-0405-
C04-0102-,C03-0403,C03-0503-
C04-0103,C02-0403-,C02-1314~
C04-0104-,C03-0403,C03-0809-
C04-0105~,C03-0403,C03-1718-
C04-0201,C03-0503-,C03-0403
C04-0203~,C03-0503-,C03-1314~
C04-0204,C03-0503-,C03-0809-
C04-0205,C03-0503-,C03-1718-
C04-0301,C03-1314~,C03-0403
C04-0302-,C03-1314~,C03-0503-
C04-0304,C03-1314~,C03-0809-
C04-0305-,C03-1314~,C03-1718-
C04-0401,C03-0809-,C03-0403
C04-0402-,C03-0809-,C03-0503-
C04-0403-,C03-0809-,C03-1314~
C04-0405~,C03-0809-,C03-1718-
C04-0501-,C03-1718-,C03-0403
C04-0502-,C03-1718-,C03-0503-
C04-0503,C03-1718-,C03-1314~
C04-0504~,C03-1718-,C03-0809-
C04-0607-,C03-0607-,C03-0105-
C04-0620-,C03-0607-,C03-0305-
C04-0706-,C03-0105-,C03-0607-
C04-0708,C03-0105-,C03-0103~
C04-0807-,C03-0103~,C03-0105-
C04-0809~,C03-0103~,C03-0203-
C04-0908~,C03-0203-,C03-0103~
C04-0910-,C03-0203-,C03-0807-
C04-1009~,C03-0807-,C03-0203-
C04-1011-,C03-0807-,C03-1009~
C04-1110,C03-1009~,C03-0807-
C04-1112,C03-1009~,C03-1920-
C04-1211-,C03-1920-,C03-1009~
C04-1213~,C03-1920-,C03-0401~
C04-1312,C03-0401~,C03-1920-
C04-1314-,C03-0401~,C03-1617-
C04-1413~,C03-1617-,C03-0401~
C04-1415,C03-1617-,C03-0304~
C04-1514,C03-0304~,C03-1617-
C04-1516~,C03-0304~,C03-1514-
C04-1615,C03-1514-,C03-0304~
C04-1617,C03-1514-,C03-1415~
C04-1715,C03-1415~,C03-0304~
C04-1716-,C03-1415~,C03-1514-
C04-1817-,C03-0405~,C03-1415~
C04-1819-,C03-0405~,C03-1516-
C04-1918,C03-1516-,C03-0405~
C04-1920,C03-1516-,C03-0305-
C04-2006~,C03-0305-,C03-0607-
C04-2019~,C03-0305-,C03-1516-
C05-0102-,C04-0403-,C04-1314-
C05-0103-,C04-0403-,C04-0809~
C05-0104~,C04-0403-,C04-0402-
C05-0105~,C04-0403-,C04-0607-
C05-0201~,C04-1314-,C04-0403-
C05-0203~,C04-1314-,C04-0809~
C05-0204-,C04-1314-,C04-0402-
C05-0205,C04-1314-,C04-0607-
C05-0301-,C04-0809~,C04-0403-
C05-0302~,C04-0809~,C04-1314-
C05-0304-,C04-0809~,C04-0402-
C05-0305~,C04-0809~,C04-0607-
C05-0401-,C04-0402-,C04-0403-
C05-0402~,C04-0402-,C04-1314-
C05-0403-,C04-0402-,C04-0809~
C05-0405,C04-0402-,C04-0607-
C05-0501~,C04-0607-,C04-0403-
C05-0502-,C04-0607-,C04-1314-
C05-0503-,C04-0607-,C04-0809~
C05-0504,C04-0607-,C04-0402-
C05-0607-,C04-0105~,C04-0302-
C05-0620~,C04-0105~,C04-1716-
C05-0706,C04-0302-,C04-0105~
C05-0708,C04-0302-,C04-0305-
C05-0807-,C04-0305-,C04-0302-
C05-0809-,C04-0305-,C04-0203~
C05-0908-,C04-0203~,C04-0305-
C05-0910~,C04-0203~,C04-0807-
C05-1009~,C04-0807-,C04-0203~
C05-1011~,C04-0807-,C04-1819-
C05-1110~,C04-1819-,C04-0807-
C05-1112,C04-1819-,C04-1413~
C05-1211-,C04-1413~,C04-1819-
C05-1213-,C04-1413~,C04-0910-
C05-1312-,C04-0910-,C04-1413~
C05-1314-,C04-0910-,C04-1817-
C05-1413~,C04-1817-,C04-0910-
C05-1415-,C04-1817-,C04-0405~
C05-1514~,C04-0405~,C04-1817-
C05-1516-,C04-0405~,C04-1516~
C05-1615-,C04-1516~,C04-0405~
C05-1617~,C04-1516~,C04-0620-
C05-1716-,C04-0620-,C04-1516~
C05-1718-,C04-0620-,C04-2019~
C05-1817-,C04-2019~,C04-0620-
C05-1819-,C04-2019~,C04-0102-
C05-1918,C04-0102-,C04-2019~
C05-1920~,C04-0102-,C04-1716-
C05-2006-,C04-1716-,C04-0105~
C05-2019-,C04-1716-,C04-0102-
C06-0102~,C05-1413~,C05-1615-
C06-0103-,C05-1413~,C05-0501~
C06-0104-,C05-1413~,C05-1110~
C06-0105-,C05-1413~,C05-1817-
C06-0201-,C05-1615-,C05-1413~
C06-0203-,C05-1615-,C05-0501~
C06-0204-,C05-1615-,C05-1110~
C06-0205-,C05-1615-,C05-1817-
C06-0301-,C05-0501~,C05-1413~
C06-0302-,C05-0501~,C05-1615-
C06-0304-,C05-0501~,C05-1110~
C06-0305-,C05-0501~,C05-1817-
C06-0401-,C05-1110~,C05-1413~
C06-0402-,C05-1110~,C05-1615-
C06-0403-,C05-1110~,C05-0501~
C06-0405-,C05-1110~,C05-1817-
C06-0501-,C05-1817-,C05-1413~
C06-0502-,C05-1817-,C05-1615-
C06-0503-,C05-1817-,C05-0501~
C06-0504-,C05-1817-,C05-1110~
C06-0607-,C05-0607-,C05-1312-
C06-0620-,C05-0607-,C05-1514~
C06-0706-,C05-1312-,C05-0607-
C06-0708-,C05-1312-,C05-0201~
C06-0807-,C05-0201~,C05-1312-
C06-0809-,C05-0201~,C05-0302~
C06-0908-,C05-0302~,C05-0201~
C06-0910-,C05-0302~,C05-2019-
C06-1009-,C05-2019-,C05-0302~
C06-1011~,C05-2019-,C05-0503-
C06-1110~,C05-0503-,C05-2019-
C06-1112~,C05-0503-,C05-0502-
C06-1211-,C05-0502-,C05-0503-
C06-1213-,C05-0502-,C05-1314-
C06-1312-,C05-1314-,C05-0502-
C06-1314,C05-1314-,C05-0401-
C06-1413~,C05-0401-,C05-1314-
C06-1415-,C05-0401-,C05-1516-
C06-1514-,C05-1516-,C05-0401-
C06-1516-,C05-1516-,C05-1213-
C06-1615-,C05-1213-,C05-1516-
C06-1617-,C05-1213-,C05-1718-
C06-1716~,C05-1718-,C05-1213-
C06-1718,C05-1718-,C05-0104~
C06-1817~,C05-0104~,C05-1718-
C06-1819-,C05-0104~,C05-0105~
C06-1918-,C05-0105~,C05-0104~
C06-1920-,C05-0105~,C05-1514~
C06-2006-,C05-1514~,C05-0607-
C06-2019-,C05-1514~,C05-0105~
C07-0102~,C06-0405-,C06-0503-
C07-0103-,C06-0405-,C06-1413~
C07-0104-,C06-0405-,C06-0809-
C07-0105-,C06-0405-,C06-0103-
C07-0201,C06-0503-,C06-0405-
C07-0203-,C06-0503-,C06-1413~
C07-0204-,C06-0503-,C06-0809-
C07-0205-,C06-0503-,C06-0103-
C07-0301,C06-1413~,C06-0405-
C07-0302-,C06-1413~,C06-0503-
C07-0304,C06-1413~,C06-0809-
C07-0305-,C06-1413~,C06-0103-
C07-0401-,C06-0809-,C06-0405-
C07-0402~,C06-0809-,C06-0503-
C07-0403-,C06-0809-,C06-1413~
C07-0405,C06-0809-,C06-0103-
C07-0501-,C06-0103-,C06-0405-
C07-0502-,C06-0103-,C06-0503-
C07-0503-,C06-0103-,C06-1413~
C07-0504-,C06-0103-,C06-0809-
C07-0607~,C06-0104-,C06-1514-
C07-0620-,C06-0104-,C06-0807-
C07-0706-,C06-1514-,C06-0104-
C07-0708-,C06-1514-,C06-0501-
C07-0807-,C06-0501-,C06-1514-
C07-0809~,C06-0501-,C06-1920-
C07-0908-,C06-1920-,C06-0501-
C07-0910-,C06-1920-,C06-0504-
C07-1009-,C06-0504-,C06-1920-
C07-1011-,C06-0504-,C06-1011~
C07-1110-,C06-1011~,C06-0504-
C07-1112-,C06-1011~,C06-1312-
C07-1211,C06-1312-,C06-1011~
C07-1213-,C06-1312-,C06-1617-
C07-1312-,C06-1617-,C06-1312-
C07-1314-,C06-1617-,C06-0607-
C07-1413~,C06-0607-,C06-1617-
C07-1415-,C06-0607-,C06-2006-
C07-1514-,C06-2006-,C06-0607-
C07-1516~,C06-2006-,C06-1211-
C07-1615-,C06-1211-,C06-2006-
C07-1617,C06-1211-,C06-0102~
C07-1716-,C06-0102~,C06-1211-
C07-1718-,C06-0102~,C06-0203-
C07-1817,C06-0203-,C06-0102~
C07-1819-,C06-0203-,C06-1718
C07-1918-,C06-1718,C06-0203-
C07-1920-,C06-1718,C06-0807-
C07-2006-,C06-0807-,C06-0104-
C07-2019~,C06-0807-,C06-1718
C08-0102,C07-0403-,C07-0503-
C08-0103,C07-0403-,C07-1314-
C08-0104-,C07-0403-,C07-0809~
C08-0105-,C07-0403-,C07-1718-
C08-0201~,C07-0503-,C07-0403-
C08-0203-,C07-0503-,C07-1314-
C08-0204~,C07-0503-,C07-0809~
C08-0205-,C07-0503-,C07-1718-
C08-0301-,C07-1314-,C07-0403-
C08-0302-,C07-1314-,C07-0503-
C08-0304~,C07-1314-,C07-0809~
C08-0305-,C07-1314-,C07-1718-
C08-0401-,C07-0809~,C07-0403-
C08-0402,C07-0809~,C07-0503-
C08-0403-,C07-0809~,C07-1314-
C08-0405~,C07-0809~,C07-1718-
C08-0501,C07-1718-,C07-0403-
C08-0502-,C07-1718-,C07-0503-
C08-0503-,C07-1718-,C07-1314-
C08-0504,C07-1718-,C07-0809~
C08-0607-,C07-0620-,C07-0104-
C08-0620-,C07-0620-,C07-1516~
C08-0706-,C07-0104-,C07-0620-
C08-0708-,C07-0104-,C07-0302-
C08-0807-,C07-0302-,C07-0104-
C08-0809-,C07-0302-,C07-0103-
C08-0908-,C07-0103-,C07-0302-
C08-0910,C07-0103-,C07-0203-
C08-1009-,C07-0203-,C07-0103-
C08-1011-,C07-0203-,C07-0807-
C08-1110,C07-0807-,C07-0203-
C08-1112~,C07-0807-,C07-1312-
C08-1211-,C07-1312-,C07-0807-
C08-1213-,C07-1312-,C07-1819-
C08-1312~,C07-1819-,C07-1312-
C08-1314~,C07-1819-,C07-0401-
C08-1413~,C07-0401-,C07-1819-
C08-1415,C07-0401-,C07-1413~
C08-1514-,C07-1413~,C07-0401-
C08-1516,C07-1413~,C07-0305-
C08-1615~,C07-0305-,C07-1413~
C08-1617-,C07-0305-,C07-1514-
C08-1716-,C07-1514-,C07-0305-
C08-1718,C07-1514-,C07-1415-
C08-1817-,C07-1415-,C07-1514-
C08-1819-,C07-1415-,C07-0501-
C08-1918-,C07-0501-,C07-1415-
C08-1920-,C07-0501-,C07-1516~
C08-2006,C07-1516~,C07-0620-
C08-2019-,C07-1516~,C07-0501-
C09-0102,C08-0908-,C08-0620-
C09-0103,C08-0908-,C08-0104-
C09-0104,C08-0908-,C08-1213-
C09-0105,C08-0908-,C08-2019-
C09-0201,C08-0620-,C08-0908-
C09-0203-,C08-0620-,C08-0104-
C09-0204,C08-0620-,C08-1213-
C09-0205,C08-0620-,C08-2019-
C09-0301,C08-0104-,C08-0908-
C09-0302-,C08-0104-,C08-0620-
C09-0304-,C08-0104-,C08-1213-
C09-0305-,C08-0104-,C08-2019-
C09-0401-,C08-1213-,C08-0908-
C09-0402-,C08-1213-,C08-0620-
C09-0403-,C08-1213-,C08-0104-
C09-0405,C08-1213-,C08-2019-
C09-0501-,C08-2019-,C08-0908-
C09-0502~,C08-2019-,C08-0620-
C09-0503-,C08-2019-,C08-0104-
C09-0504,C08-2019-,C08-1213-
C09-0607-,C08-0203-,C08-1514-
C09-0620-,C08-0203-,C08-0305-
C09-0706,C08-1514-,C08-0203-
C09-0708~,C08-1514-,C08-0105-
C09-0807,C08-0105-,C08-1514-
C09-0809,C08-0105-,C08-1112~
C09-0908-,C08-1112~,C08-0105-
C09-0910,C08-1112~,C08-1918-
C09-1009,C08-1112~,C08-1918-
C09-1011,C08-1817-,C08-1918-
C09-1110-,C08-1817-,C08-1918-
C09-1112,C08-1112~,C08-1918-
C09-1211,C08-1817-,C08-1918-
C09-1213,C08-1112~,C08-1918-
C09-1312,C08-1817-,C08-1918-
C09-1314,C08-1112~,C08-1918-
C09-1413,C08-1819-,C08-0401-
C09-1415~,C08-1819-,C08-0706-
C09-1514~,C08-0706-,C08-1819-
C09-1516,C08-0706-,C08-1312~
C09-1615~,C08-1312~,C08-0706-
C09-1617-,C08-1312~,C08-1716-
C09-1716-,C08-1716-,C08-1312~
C09-1718-,C08-1716-,C08-0302-
C09-1817-,C08-0302-,C08-1716-
C09-1819-,C08-0302-,C08-1413~
C09-1918~,C08-1413~,C08-0302-
C09-1920-,C08-1413~,C08-0305-
C09-2006-,C08-0305-,C08-0203-
C09-2019,C08-0305-,C08-1413~
C10-0102-,C09-0403-,C09-0503-
C10-0103-,C09-0403-,C09-1415~
C10-0104~,C09-0403-,C09-0809
C10-0105-,C09-0403-,C09-1615~
C10-0201-,C09-0503-,C09-0403-
C10-0203-,C09-0503-,C09-1415~
C10-0204-,C09-0503-,C09-0809
C10-0205-,C09-0503-,C09-1615~
C10-0301,C09-1415~,C09-0403-
C10-0302-,C09-1415~,C09-0503-
C10-0304-,C09-1415~,C09-0809
C10-0305-,C09-1415~,C09-1615~
C10-0401-,C09-0809,C09-0403-
C10-0402-,C09-0809,C09-0503-
C10-0403-,C09-0809,C09-1415~
C10-0405-,C09-0809,C09-1615~
C10-0501~,C09-1615~,C09-0403-
C10-0502-,C09-1615~,C09-0503-
C10-0503~,C09-1615~,C09-1415~
C10-0504,C09-1615~,C09-0809
C10-0607,C09-0620-,C09-0203-
C10-0620-,C09-0620-,C09-1110-
C10-0706-,C09-0203-,C09-0620-
C10-0708,C09-0203-,C09-0302-
C10-0807,C09-0302-,C09-0203-
C10-0809,C09-0302-,C09-0908-
C10-0908~,C09-0908-,C09-0302-
C10-0910-,C09-0908-,C09-0304-
C10-1009-,C09-0304-,C09-0908-
C10-1011,C09-0304-,C09-1716-
C10-1110~,C09-1716-,C09-0304-
C10-1112,C09-1716-,C09-2006-
C10-1211,C09-2006-,C09-1716-
C10-1213,C09-2006-,C09-1817-
C10-1312-,C09-1817-,C09-2006-
C10-1314-,C09-1817-,C09-0402-
C10-1413-,C09-0402-,C09-1817-
C10-1415-,C09-0402-,C09-1918~
C10-1514-,C09-1918~,C09-0402-
C10-1516-,C09-1918~,C09-0501-
C10-1615-,C09-0501-,C09-1918~
C10-1617-,C09-0501-,C09-0607-
C10-1716-,C09-0607-,C09-0501-
C10-1718-,C09-0607-,C09-0708~
C10-1817-,C09-0708~,C09-0607-
C10-1819-,C09-0708~,C09-0305-
C10-1918-,C09-0305-,C09-0708~
C10-1920-,C09-0305-,C09-1110-
C10-2006~,C09-1110-,C09-0620-
C10-2019-,C09-1110-,C09-0305-
C11-0102,C10-0706-,C10-0620-
C11-0103-,C10-0706-,C10-1514-
C11-0104-,C10-0706-,C10-1817-
C11-0105-,C10-0706-,C10-0501~
C11-0201-,C10-0620-,C10-0706-
C11-0203~,C10-0620-,C10-1514-
C11-0204~,C10-0620-,C10-1817-
C11-0205-,C10-0620-,C10-0501~
C11-0301,C10-1514-,C10-0706-
C11-0302,C10-1514-,C10-0620-
C11-0304-,C10-1514-,C10-1817-
C11-0305~,C10-1514-,C10-0501~
C11-0401,C10-1817-,C10-0706-
C11-0402~,C10-1817-,C10-0620-
C11-0403,C10-1817-,C10-1514-
C11-0405-,C10-1817-,C10-0501~
C11-0501,C10-0501~,C10-0706-
C11-0502,C10-0501~,C10-0620-
C11-0503-,C10-0501~,C10-1514-
C11-0504-,C10-0501~,C10-1817-
C11-0607-,C10-0908~,C10-1718-
C11-0620~,C10-0908~,C10-2006~
C11-0706-,C10-1718-,C10-0908~
C11-0708-,C10-1718-,C10-1918-
C11-0807,C10-1918-,C10-1718-
C11-0809,C10-1918-,C10-0105-
C11-0908-,C10-0105-,C10-1918-
C11-0910,C10-0105-,C10-0203-
C11-1009,C10-0203-,C10-0105-
C11-1011-,C10-0203-,C10-1716-
C11-1110,C10-1716-,C10-0203-
C11-1112,C10-1716-,C10-1009-
C11-1211-,C10-1009-,C10-1716-
C11-1213,C10-1009-,C10-0402-
C11-1312,C10-0402-,C10-1009-
C11-1314,C10-0402-,C10-1413-
C11-1413-,C10-1413-,C10-0402-
C11-1415-,C10-1413-,C10-0104~
C11-1514-,C10-0104~,C10-1413-
C11-1516~,C10-0104~,C10-1617-
C11-1615-,C10-1617-,C10-0104~
C11-1617-,C10-1617-,C10-0201-
C11-1716-,C10-0201-,C10-1617-
C11-1718~,C10-0201-,C10-1516-
C11-1817,C10-1516-,C10-0201-
C11-1819,C10-1516-,C10-1615-
C11-1918,C10-1615-,C10-1516-
C11-1920,C10-1615-,C10-2006~
C11-2006,C10-2006~,C10-0908~
C11-2019~,C10-2006~,C10-1615-
C12-0102-,C11-0405-,C11-0503-
C12-0103-,C11-0405-,C11-1413-
C12-0104,C11-0405-,C11-0908-
C12-0105-,C11-0405-,C11-2006
C12-0201,C11-0503-,C11-0405-
C12-0203~,C11-0503-,C11-1413-
C12-0204-,C11-0503-,C11-0908-
C12-0205,C11-0503-,C11-2006
C12-0301-,C11-1413-,C11-0405-
C12-0302-,C11-1413-,C11-0503-
C12-0304-,C11-1413-,C11-0908-
C12-0305-,C11-1413-,C11-2006
C12-0401,C11-0908-,C11-0405-
C12-0402-,C11-0908-,C11-0503-
C12-0403,C11-0908-,C11-1413-
C12-0405,C11-0908-,C11-2006
C12-0501-,C11-2006,C11-0405-
C12-0502,C11-2006,C11-0503-
C12-0503,C11-2006,C11-1413-
C12-0504,C11-2006,C11-0908-
C12-0607-,C11-0105-,C11-1617-
C12-0620-,C11-0105-,C11-0607-
C12-0706-,C11-1617-,C11-0105-
C12-0708~,C11-1617-,C11-0504-
C12-0807~,C11-0504-,C11-1617-
C12-0809,C11-0504-,C11-1615-
C12-0908,C11-1615-,C11-0504-
C12-0910-,C11-1615-,C11-1516~
C12-1009-,C11-1516~,C11-1615-
C12-1011~,C11-1516~,C11-0204~
C12-1110~,C11-0204~,C11-1516~
C12-1112-,C11-0204~,C11-1718~
C12-1211~,C11-1718~,C11-0204~
C12-1213,C11-1718~,C11-0201-
C12-1312,C11-0201-,C11-1718~
C12-1314~,C11-0201-,C11-0205-
C12-1413,C11-0205-,C11-0201-
C12-1415,C11-0205-,C11-1514-
C12-1514,C11-1514-,C11-0205-
C12-1516-,C11-1514-,C11-1211-
C12-1615-,C11-1211-,C11-1514-
C12-1617~,C11-1211-,C11-0104-
C12-1716-,C11-0104-,C11-1211-
C12-1718-,C11-0104-,C11-0103-
C12-1817-,C11-0103-,C11-0104-
C12-1819-,C11-0103-,C11-2019~
C12-1918~,C11-2019~,C11-0103-
C12-1920-,C11-2019~,C11-0607-
C12-2006-,C11-0607-,C11-0105-
C12-2019-,C11-0607-,C11-2019~
C13-0102-,C12-0305-,C12-0503
C13-0103-,C12-0305-,C12-1314~
C13-0104-,C12-0305-,C12-0908
C13-0105~,C12-0305-,C12-1718-
C13-0201-,C12-0503,C12-0305-
C13-0203-,C12-0503,C12-1314~
C13-0204-,C12-0503,C12-0908
C13-0205-,C12-0503,C12-1718-
C13-0301-,C12-1314~,C12-0305-
C13-0302-,C12-1314~,C12-0503
C13-0304~,C12-1314~,C12-0908
C13-0305-,C12-1314~,C12-1718-
C13-0401-,C12-0908,C12-0305-
C13-0402-,C12-0908,C12-0503
C13-0403-,C12-0908,C12-1314~
C13-0405,C12-0908,C12-1718-
C13-0501,C12-1718-,C12-0305-
C13-0502~,C12-1718-,C12-0503
C13-0503-,C12-1718-,C12-1314~
C13-0504-,C12-1718-,C12-0908
C13-0607~,C12-1413,C12-0105-
C13-0620,C12-1413,C12-0204-
C13-0706,C12-0105-,C12-1413
C13-0708-,C12-0105-,C12-0302-
C13-0807-,C12-0302-,C12-0105-
C13-0809,C12-0302-,C12-0103-
C13-0908~,C12-0103-,C12-0302-
C13-0910-,C12-0103-,C12-0203~
C13-1009~,C12-0203~,C12-0103-
C13-1011,C12-0203~,C12-0807~
C13-1110-,C12-0807~,C12-0203~
C13-1112~,C12-0807~,C12-1819-
C13-1211,C12-1819-,C12-0807~
C13-1213-,C12-1819-,C12-1415
C13-1312-,C12-1415,C12-1819-
C13-1314-,C12-1415,C12-0304-
C13-1413-,C12-0304-,C12-1415
C13-1415~,C12-0304-,C12-1516-
C13-1514-,C12-1516-,C12-0304-
C13-1516-,C12-1516-,C12-0501-
C13-1615-,C12-0501-,C12-1516-
C13-1617-,C12-0501-,C12-0607-
C13-1716,C12-0607-,C12-0501-
C13-1718-,C12-0607-,C12-1920-
C13-1817~,C12-1920-,C12-0607-
C13-1819,C12-1920-,C12-1716-
C13-1918~,C12-1716-,C12-1920-
C13-1920-,C12-1716-,C12-0204-
C13-2006~,C12-0204-,C12-1413
C13-2019,C12-0204-,C12-1716-
C14-0102-,C13-0403-,C13-0503-
C14-0103~,C13-0403-,C13-1314-
C14-0104-,C13-0403-,C13-0908~
C14-0105-,C13-0403-,C13-1718-
C14-0201~,C13-0503-,C13-0403-
C14-0203-,C13-0503-,C13-1314-
C14-0204-,C13-0503-,C13-0908~
C14-0205-,C13-0503-,C13-1718-
C14-0301-,C13-1314-,C13-0403-
C14-0302-,C13-1314-,C13-0503-
C14-0304-,C13-1314-,C13-0908~
C14-0305~,C13-1314-,C13-1718-
C14-0401-,C13-0908~,C13-0403-
C14-0402~,C13-0908~,C13-0503-
C14-0403~,C13-0908~,C13-1314-
C14-0405~,C13-0908~,C13-1718-
C14-0501-,C13-1718-,C13-0403-
C14-0502-,C13-1718-,C13-0503-
C14-0503-,C13-1718-,C13-1314-
C14-0504-,C13-1718-,C13-0908~
C14-0607-,C13-0607~,C13-0105~
C14-0620,C13-0607~,C13-1920-
C14-0706,C13-0105~,C13-0607~
C14-0708-,C13-0105~,C13-0302-
C14-0807-,C13-0302-,C13-0105~
C14-0809,C13-0302-,C13-0103-
C14-0908,C13-0103-,C13-0302-
C14-0910~,C13-0103-,C13-0203-
C14-1009,C13-0203-,C13-0103-
C14-1011-,C13-0203-,C13-0807-
C14-1110-,C13-0807-,C13-0203-
C14-1112-,C13-0807-,C13-1312-
C14-1211~,C13-1312-,C13-0807-
C14-1213-,C13-1312-,C13-1817~
C14-1312-,C13-1817~,C13-1312-
C14-1314-,C13-1817~,C13-0401-
C14-1413~,C13-0401-,C13-1817~
C14-1415-,C13-0401-,C13-1413-
C14-1514-,C13-1413-,C13-0401-
C14-1516-,C13-1413-,C13-0304~
C14-1615-,C13-0304~,C13-1413-
C14-1617-,C13-0304~,C13-1514-
C14-1716~,C13-1514-,C13-0304~
C14-1718,C13-1514-,C13-1415~
C14-1817,C13-1415~,C13-1514-
C14-1819,C13-1415~,C13-1516-
C14-1918,C13-1516-,C13-1415~
C14-1920,C13-1516-,C13-1920-
C14-2006,C13-1920-,C13-0607~
C14-2019,C13-1920-,C13-1516-
C15-0102-,C14-0503-,C14-1211~
C15-0103,C14-0503-,C14-0204-
C15-0104,C14-0503-,C14-0102-
C15-0105,C14-0503-,C14-1514-
C15-0201-,C14-1211~,C14-0503-
C15-0203-,C14-1211~,C14-0204-
C15-0204~,C14-1211~,C14-0102-
C15-0205,C14-1211~,C14-1514-
C15-0301,C14-0204-,C14-0503-
C15-0302-,C14-0204-,C14-1211~
C15-0304-,C14-0204-,C14-0102-
C15-0305,C14-0204-,C14-1514-
C15-0401~,C14-0102-,C14-0503-
C15-0402-,C14-0102-,C14-1211~
C15-0403~,C14-0102-,C14-0204-
C15-0405,C14-0102-,C14-1514-
C15-0501,C14-1514-,C14-0503-
C15-0502-,C14-1514-,C14-1211~
C15-0503,C14-1514-,C14-0204-
C15-0504,C14-1514-,C14-0102-
C15-0607,C14-0620,C14-1413~
C15-0620~,C14-0620,C14-0706
C15-0706,C14-1413~,C14-0620
C15-0708-,C14-1413~,C14-0104-
C15-0807~,C14-0104-,C14-1413~
C15-0809,C14-0104-,C14-0708-
C15-0908,C14-0708-,C14-0104-
C15-0910,C14-0708-,C14-1615-
C15-1009,C14-1615-,C14-0708-
C15-1011,C14-1615-,C14-0402~
C15-1110-,C14-0402~,C14-1615-
C15-1112~,C14-0402~,C14-0105-
C15-1211-,C14-0105-,C14-0402~
C15-1213-,C14-0105-,C14-1110-
C15-1312-,C14-1110-,C14-0105-
C15-1314,C14-1110-,C14-1617-
C15-1413-,C14-1617-,C14-1110-
C15-1415-,C14-1617-,C14-0501-
C15-1514-,C14-0501-,C14-1617-
C15-1516-,C14-0501-,C14-0910~
C15-1615-,C14-0910~,C14-0501-
C15-1617,C14-0910~,C14-0302-
C15-1716,C14-0302-,C14-0910~
C15-1718,C14-0302-,C14-1213-
C15-1817-,C14-1213-,C14-0302-
C15-1819-,C14-1213-,C14-1716~
C15-1918-,C14-1716~,C14-1213-
C15-1920,C14-1716~,C14-0706
C15-2006,C14-0706,C14-0620
C15-2019,C14-0706,C14-1716~
H00-01,0,0
H00-02,0,0
H00-03,0,0
H00-04,0,0
H00-05,0,0
H00-06,0,0
H00-07,0,0
H00-08,0,0
H00-09,0,0
H00-10,0,0
H00-11,0,0
H00-12,0,0
H00-13,0,0
H00-14,0,0
H00-15,0,0
H00-16,0,0
H00-17,0,0
H00-18,0,0
H00-19,0,0
H00-20,0,0
H01-0102-,H00-01,H00-02
H01-0103~,H00-04,H00-02
H01-0104-,H00-05,H00-04
H01-0105-,H00-19,H00-20
H01-0201-,H00-06,H00-07
H01-0203-,H00-02,H00-04
H01-0204-,H00-11,H00-12
H01-0205-,H00-02,H00-01
H01-0301-,H00-05,H00-03
H01-0302-,H00-12,H00-11
H01-0304-,H00-08,H00-07
H01-0305-,H00-09,H00-10
H01-0401-,H00-14,H00-15
H01-0402-,H00-02,H00-03
H01-0403-,H00-19,H00-18
H01-0405-,H00-03,H00-04
H01-0501-,H00-07,H00-06
H01-0502-,H00-02,H00-05
H01-0503-,H00-04,H00-01
H01-0504-,H00-18,H00-17
H01-0607-,H00-03,H00-05
H01-0620-,H00-15,H00-14
H01-0706~,H00-04,H00-03
H01-0708~,H00-11,H00-10
H01-0807-,H00-01,H00-03
H01-0809-,H00-01,H00-04
H01-0908-,H00-01,H00-05
H01-0910~,H00-03,H00-01
H01-1009-,H00-03,H00-02
H01-1011~,H00-04,H00-05
H01-1110-,H00-05,H00-01
H01-1112-,H00-05,H00-02
H01-1211~,H00-06,H00-20
H01-1213~,H00-07,H00-08
H01-1312-,H00-08,H00-09
H01-1314-,H00-09,H00-08
H01-1413~,H00-10,H00-09
H01-1415~,H00-10,H00-11
H01-1514~,H00-12,H00-13
H01-1516~,H00-13,H00-12
H01-1615-,H00-13,H00-14
H01-1617-,H00-14,H00-13
H01-1716-,H00-15,H00-16
H01-1718-,H00-16,H00-15
H01-1817-,H00-16,H00-17
H01-1819-,H00-17,H00-16
H01-1918-,H00-17,H00-18
H01-1920-,H00-18,H00-19
H01-2006~,H00-20,H00-06
H01-2019~,H00-20,H00-19
H02-0102-,H01-0402-,H01-0504-
H02-0103-,H01-0402-,H01-1920-
H02-0104-,H01-0402-,H01-0607-
H02-0105-,H01-0402-,H01-0204-
H02-0201-,H01-0504-,H01-0402-
H02-0203-,H01-0504-,H01-1920-
H02-0204-,H01-0504-,H01-0607-
H02-0205-,H01-0504-,H01-0204-
H02-0301-,H01-1920-,H01-0402-
H02-0302-,H01-1920-,H01-0504-
H02-0304-,H01-1920-,H01-0607-
H02-0305-,H01-1920-,H01-0204-
H02-0401-,H01-0607-,H01-0402-
H02-0402-,H01-0607-,H01-0504-
H02-0403-,H01-0607-,H01-1920-
H02-0405-,H01-0607-,H01-0204-
H02-0501-,H01-0204-,H01-0402-
H02-0502-,H01-0204-,H01-0504-
H02-0503-,H01-0204-,H01-1920-
H02-0504~,H01-0204-,H01-0607-
H02-0607-,H01-1112-,H01-0201-
H02-0620-,H01-1112-,H01-0305-
H02-0706-,H01-0201-,H01-1112-
H02-0708-,H01-0201-,H01-0503-
H02-0807-,H01-0503-,H01-0201-
H02-0809-,H01-0503-,H01-1211~
H02-0908-,H01-1211~,H01-0503-
H02-0910-,H01-1211~,H01-0807-
H02-1009~,H01-0807-,H01-1211~
H02-1011-,H01-0807-,H01-0910~
H02-1110-,H01-0910~,H01-0807-
H02-1112~,H01-0910~,H01-1415~
H02-1211-,H01-1415~,H01-0910~
H02-1213-,H01-1415~,H01-0203-
H02-1312~,H01-0203-,H01-1415~
H02-1314-,H01-0203-,H01-1918-
H02-1413~,H01-1918-,H01-0203-
H02-1415~,H01-1918-,H01-0304-
H02-1514~,H01-0304-,H01-1918-
H02-1516~,H01-0304-,H01-0706~
H02-1615-,H01-0706~,H01-0304-
H02-1617-,H01-0706~,H01-0205-
H02-1716-,H01-0205-,H01-0706~
H02-1718-,H01-0205-,H01-0401-
H02-1817-,H01-0401-,H01-0205-
H02-1819-,H01-0401-,H01-1817-
H02-1918-,H01-1817-,H01-0401-
H02-1920-,H01-1817-,H01-0305-
H02-2006-,H01-0305-,H01-1112-
H02-2019~,H01-0305-,H01-1817-
H03-0102~,H02-0103-,H02-1514~
H03-0103~,H02-0103-,H02-1009~
H03-0104-,H02-0103-,H02-1716-
H03-0105~,H02-0103-,H02-0908-
H03-0201~,H02-1514~,H02-0103-
H03-0203-,H02-1514~,H02-1009~
H03-0204-,H02-1514~,H02-1716-
H03-0205-,H02-1514~,H02-0908-
H03-0301-,H02-1009~,H02-0103-
H03-0302-,H02-1009~,H02-1514~
H03-0304-,H02-1009~,H02-1716-
H03-0305-,H02-1009~,H02-0908-
H03-0401-,H02-1716-,H02-0103-
H03-0402-,H02-1716-,H02-1514~
H03-0403~,H02-1716-,H02-1009~
H03-0405-,H02-1716-,H02-0908-
H03-0501~,H02-0908-,H02-0103-
H03-0502-,H02-0908-,H02-1514~
H03-0503~,H02-0908-,H02-1009~
H03-0504-,H02-0908-,H02-1716-
H03-0607-,H02-1516~,H02-1110-
H03-0620-,H02-1516~,H02-1112~
H03-0706-,H02-1110-,H02-1516~
H03-0708-,H02-1110-,H02-1718-
H03-0807-,H02-1718-,H02-1110-
H03-0809-,H02-1718-,H02-0305-
H03-0908~,H02-0305-,H02-1718-
H03-0910-,H02-0305-,H02-0607-
H03-1009~,H02-0607-,H02-0305-
H03-1011-,H02-0607-,H02-0403-
H03-1110-,H02-0403-,H02-0607-
H03-1112-,H02-0403-,H02-1314-
H03-1211~,H02-1314-,H02-0403-
H03-1213~,H02-1314-,H02-1011-
H03-1312-,H02-1011-,H02-1314-
H03-1314-,H02-1011-,H02-0807-
H03-1413-,H02-0807-,H02-1011-
H03-1415~,H02-0807-,H02-0203-
H03-1514~,H02-0203-,H02-0807-
H03-1516-,H02-0203-,H02-0504~
H03-1615-,H02-0504~,H02-0203-
H03-1617~,H02-0504~,H02-0809-
H03-1716-,H02-0809-,H02-0504~
H03-1718-,H02-0809-,H02-2019~
H03-1817~,H02-2019~,H02-0809-
H03-1819-,H02-2019~,H02-0105-
H03-1918-,H02-0105-,H02-2019~
H03-1920-,H02-0105-,H02-1112~
H03-2006-,H02-1112~,H02-1516~
H03-2019-,H02-1112~,H02-0105-
H04-0102~,H03-0504-,H03-1312-
H04-0103-,H03-0504-,H03-0105~
H04-0104-,H03-0504-,H03-0405-
H04-0105-,H03-0504-,H03-1617~
H04-0201-,H03-1312-,H03-0504-
H04-0203-,H03-1312-,H03-0105~
H04-0204-,H03-1312-,H03-0405-
H04-0205-,H03-1312-,H03-1617~
H04-0301-,H03-0105~,H03-0504-
H04-0302-,H03-0105~,H03-1312-
H04-0304-,H03-0105~,H03-0405-
H04-0305-,H03-0105~,H03-1617~
H04-0401-,H03-0405-,H03-0504-
H04-0402-,H03-0405-,H03-1312-
H04-0403-,H03-0405-,H03-0105~
H04-0405-,H03-0405-,H03-1617~
H04-0501-,H03-1617~,H03-0504-
H04-0502-,H03-1617~,H03-1312-
H04-0503-,H03-1617~,H03-0105~
H04-0504-,H03-1617~,H03-0405-
H04-0607-,H03-0501~,H03-1516-
H04-0620~,H03-0501~,H03-1211~
H04-0706-,H03-1516-,H03-0501~
H04-0708-,H03-1516-,H03-1716-
H04-0807-,H03-1716-,H03-1516-
H04-0809-,H03-1716-,H03-2006-
H04-0908-,H03-2006-,H03-1716-
H04-0910-,H03-2006-,H03-0305-
H04-1009~,H03-0305-,H03-2006-
H04-1011-,H03-0305-,H03-0706-
H04-1110-,H03-0706-,H03-0305-
H04-1112-,H03-0706-,H03-1920-
H04-1211-,H03-1920-,H03-0706-
H04-1213-,H03-1920-,H03-0103~
H04-1312-,H03-0103~,H03-1920-
H04-1314-,H03-0103~,H03-0401-
H04-1413-,H03-0401-,H03-0103~
H04-1415~,H03-0401-,H03-0302-
H04-1514~,H03-0302-,H03-0401-
H04-1516-,H03-0302-,H03-0102~
H04-1615~,H03-0102~,H03-0302-
H04-1617~,H03-0102~,H03-0403~
H04-1716-,H03-0403~,H03-0102~
H04-1718~,H03-0403~,H03-1110-
H04-1817~,H03-1110-,H03-0403~
H04-1819-,H03-1110-,H03-0201~
H04-1918-,H03-0201~,H03-1110-
H04-1920-,H03-0201~,H03-1211~
H04-2006-,H03-1211~,H03-0501~
H04-2019-,H03-1211~,H03-0201~
H05-0104-,H04-0205-,H04-0708-
H05-0118-,H04-0205-,H04-0204-
H05-0204-,H04-1516-,H04-0708-
H05-0207~,H04-1516-,H04-1211-
H05-0312-,H04-0403-,H04-0302-
H05-0317-,H04-0403-,H04-0405-
H05-0401-,H04-0708-,H04-0205-
H05-0402-,H04-0708-,H04-1516-
H05-0509-,H04-0607-,H04-1615~
H05-0511-,H04-0607-,H04-0706-
H05-0608-,H04-1213-,H04-0203-
H05-0610-,H04-1213-,H04-0504-
H05-0614-,H04-1213-,H04-1819-
H05-0616-,H04-1213-,H04-0401-
H05-0702-,H04-1211-,H04-1516-
H05-0720-,H04-1211-,H04-0103-
H05-0806-,H04-0203-,H04-1213-
H05-0810-,H04-0203-,H04-0504-
H05-0814-,H04-0203-,H04-1819-
H05-0816-,H04-0203-,H04-0401-
H05-0905-,H04-1615~,H04-0607-
H05-0920-,H04-1615~,H04-0103-
H05-1006-,H04-0504-,H04-1213-
H05-1008~,H04-0504-,H04-0203-
H05-1014~,H04-0504-,H04-1819-
H05-1016-,H04-0504-,H04-0401-
H05-1105-,H04-0706-,H04-0607-
H05-1117-,H04-0706-,H04-0405-
H05-1203-,H04-0302-,H04-0403-
H05-1219-,H04-0302-,H04-0402-
H05-1307-,H04-0501-,H04-1211-
H05-1320-,H04-0501-,H04-0103-
H05-1406-,H04-1819-,H04-1213-
H05-1408-,H04-1819-,H04-0203-
H05-1410-,H04-1819-,H04-0504-
H05-1416-,H04-1819-,H04-0401-
H05-1518-,H04-0305-,H04-0204-
H05-1519~,H04-0305-,H04-0402-
H05-1606-,H04-0401-,H04-1213-
H05-1608~,H04-0401-,H04-0203-
H05-1610-,H04-0401-,H04-0504-
H05-1614-,H04-0401-,H04-1819-
H05-1703-,H04-0405-,H04-0403-
H05-1711-,H04-0405-,H04-0706-
H05-1801-,H04-0204-,H04-0205-
H05-1815-,H04-0204-,H04-0305-
H05-1912-,H04-0402-,H04-0302-
H05-1915-,H04-0402-,H04-0305-
H05-2009-,H04-0103-,H04-1615~
H05-2013-,H04-0103-,H04-0501-
H06-0102-,H05-0810-,H05-1912-
H06-0103-,H05-0810-,H05-1815-
H06-0104-,H05-0810-,H05-0509-
H06-0105-,H05-0810-,H05-2009-
H06-0201~,H05-1912-,H05-0810-
H06-0203-,H05-1912-,H05-1815-
H06-0204-,H05-1912-,H05-0509-
H06-0205-,H05-1912-,H05-2009-
H06-0301-,H05-1815-,H05-0810-
H06-0302-,H05-1815-,H05-1912-
H06-0304-,H05-1815-,H05-0509-
H06-0305-,H05-1815-,H05-2009-
H06-0401-,H05-0509-,H05-0810-
H06-0402-,H05-0509-,H05-1912-
H06-0403-,H05-0509-,H05-1815-
H06-0405-,H05-0509-,H05-2009-
H06-0501-,H05-2009-,H05-0810-
H06-0502-,H05-2009-,H05-1912-
H06-0503-,H05-2009-,H05-1815-
H06-0504-,H05-2009-,H05-0509-
H06-0607-,H05-1915-,H05-1307-
H06-0620-,H05-1915-,H05-0720-
H06-0706-,H05-1307-,H05-1915-
H06-0708~,H05-1307-,H05-0920-
H06-0807-,H05-0920-,H05-1307-
H06-0809-,H05-0920-,H05-1408-
H06-0908-,H05-1408-,H05-0920-
H06-0910~,H05-1408-,H05-1406-
H06-1009-,H05-1406-,H05-1408-
H06-1011-,H05-1406-,H05-0814-
H06-1110-,H05-0814-,H05-1406-
H06-1112-,H05-0814-,H05-0905-
H06-1211-,H05-0905-,H05-0814-
H06-1213~,H05-0905-,H05-1320-
H06-1312-,H05-1320-,H05-0905-
H06-1314-,H05-1320-,H05-2013-
H06-1413-,H05-2013-,H05-1320-
H06-1415-,H05-2013-,H05-0614-
H06-1514-,H05-0614-,H05-2013-
H06-1516-,H05-0614-,H05-1008~
H06-1615-,H05-1008~,H05-0614-
H06-1617-,H05-1008~,H05-0610-
H06-1716~,H05-0610-,H05-1008~
H06-1718-,H05-0610-,H05-0616-
H06-1817-,H05-0616-,H05-0610-
H06-1819-,H05-0616-,H05-1105-
H06-1918-,H05-1105-,H05-0616-
H06-1920-,H05-1105-,H05-0720-
H06-2006-,H05-0720-,H05-1915-
H06-2019-,H05-0720-,H05-1105-
H07-0102~,H06-1312-,H06-0403-
H07-0103-,H06-1312-,H06-0402-
H07-0104~,H06-1312-,H06-0708~
H07-0105-,H06-1312-,H06-1112-
H07-0201-,H06-0403-,H06-1312-
H07-0203-,H06-0403-,H06-0402-
H07-0204-,H06-0403-,H06-0708~
H07-0205-,H06-0403-,H06-1112-
H07-0301~,H06-0402-,H06-1312-
H07-0302-,H06-0402-,H06-0403-
H07-0304-,H06-0402-,H06-0708~
H07-0305-,H06-0402-,H06-1112-
H07-0401~,H06-0708~,H06-1312-
H07-0402-,H06-0708~,H06-0403-
H07-0403-,H06-0708~,H06-0402-
H07-0405-,H06-0708~,H06-1112-
H07-0501-,H06-1112-,H06-1312-
H07-0502-,H06-1112-,H06-0403-
H07-0503-,H06-1112-,H06-0402-
H07-0504-,H06-1112-,H06-0708~
H07-0607-,H06-1213~,H06-0102-
H07-0620~,H06-1213~,H06-0301-
H07-0706-,H06-0102-,H06-1213~
H07-0708~,H06-0102-,H06-0304-
H07-0807-,H06-0304-,H06-0102-
H07-0809-,H06-0304-,H06-0504-
H07-0908-,H06-0504-,H06-0304-
H07-0910~,H06-0504-,H06-1516-
H07-1009-,H06-1516-,H06-0504-
H07-1011-,H06-1516-,H06-1514-
H07-1110-,H06-1514-,H06-1516-
H07-1112-,H06-1514-,H06-0305-
H07-1211-,H06-0305-,H06-1514-
H07-1213~,H06-0305-,H06-1920-
H07-1312-,H06-1920-,H06-0305-
H07-1314-,H06-1920-,H06-1615-
H07-1413-,H06-1615-,H06-1920-
H07-1415-,H06-1615-,H06-0607-
H07-1514-,H06-0607-,H06-1615-
H07-1516-,H06-0607-,H06-0807-
H07-1615-,H06-0807-,H06-0607-
H07-1617-,H06-0807-,H06-2019-
H07-1716~,H06-2019-,H06-0807-
H07-1718-,H06-2019-,H06-0405-
H07-1817-,H06-0405-,H06-2019-
H07-1819-,H06-0405-,H06-1110-
H07-1918~,H06-1110-,H06-0405-
H07-1920-,H06-1110-,H06-0301-
H07-2006-,H06-0301-,H06-1213~
H07-2019-,H06-0301-,H06-1110-
H08-0102-,H07-1516-,H07-0201-
H08-0103-,H07-1516-,H07-1009-
H08-0104-,H07-1516-,H07-0105-
H08-0105-,H07-1516-,H07-0103-
H08-0201~,H07-0201-,H07-1516-
H08-0203-,H07-0201-,H07-1009-
H08-0204-,H07-0201-,H07-0105-
H08-0205-,H07-0201-,H07-0103-
H08-0301-,H07-1009-,H07-1516-
H08-0302-,H07-1009-,H07-0201-
H08-0304-,H07-1009-,H07-0105-
H08-0305-,H07-1009-,H07-0103-
H08-0401-,H07-0105-,H07-1516-
H08-0402-,H07-0105-,H07-0201-
H08-0403-,H07-0105-,H07-1009-
H08-0405-,H07-0105-,H07-0103-
H08-0501-,H07-0103-,H07-1516-
H08-0502-,H07-0103-,H07-0201-
H08-0503~,H07-0103-,H07-1009-
H08-0504-,H07-0103-,H07-0105-
H08-0607-,H07-1213~,H07-1413-
H08-0620-,H07-1213~,H07-0104~
H08-0706-,H07-1413-,H07-1213~
H08-0708~,H07-1413-,H07-1312-
H08-0807-,H07-1312-,H07-1413-
H08-0809~,H07-1312-,H07-0706-
H08-0908-,H07-0706-,H07-1312-
H08-0910-,H07-0706-,H07-0102~
H08-1009-,H07-0102~,H07-0706-
H08-1011-,H07-0102~,H07-1314-
H08-1110-,H07-1314-,H07-0102~
H08-1112-,H07-1314-,H07-0304-
H08-1211~,H07-0304-,H07-1314-
H08-1213-,H07-0304-,H07-0809-
H08-1312-,H07-0809-,H07-0304-
H08-1314~,H07-0809-,H07-0401~
H08-1413-,H07-0401~,H07-0809-
H08-1415-,H07-0401~,H07-0708~
H08-1514-,H07-0708~,H07-0401~
H08-1516-,H07-0708~,H07-1415-
H08-1615-,H07-1415-,H07-0708~
H08-1617~,H07-1415-,H07-0203-
H08-1716~,H07-0203-,H07-1415-
H08-1718-,H07-0203-,H07-0503-
H08-1817-,H07-0503-,H07-0203-
H08-1819-,H07-0503-,H07-0301~
H08-1918-,H07-0301~,H07-0503-
H08-1920~,H07-0301~,H07-0104~
H08-2006-,H07-0104~,H07-1213~
H08-2019-,H07-0104~,H07-0301~
H09-0102~,H08-0809~,H08-1516-
H09-0103-,H08-0809~,H08-0503~
H09-0104-,H08-0809~,H08-0104-
H09-0105-,H08-0809~,H08-0403-
H09-0201-,H08-1516-,H08-0809~
H09-0203-,H08-1516-,H08-0503~
H09-0204-,H08-1516-,H08-0104-
H09-0205-,H08-1516-,H08-0403-
H09-0301-,H08-0503~,H08-0809~
H09-0302-,H08-0503~,H08-1516-
H09-0304-,H08-0503~,H08-0104-
H09-0305-,H08-0503~,H08-0403-
H09-0401-,H08-0104-,H08-0809~
H09-0402-,H08-0104-,H08-1516-
H09-0403-,H08-0104-,H08-0503~
H09-0405-,H08-0104-,H08-0403-
H09-0501~,H08-0403-,H08-0809~
H09-0502-,H08-0403-,H08-1516-
H09-0503-,H08-0403-,H08-0503~
H09-0504-,H08-0403-,H08-0104-
H09-0607-,H08-0203-,H08-0402-
H09-0620-,H08-0203-,H08-0301-
H09-0706~,H08-0402-,H08-0203-
H09-0708-,H08-0402-,H08-0302-
H09-0807-,H08-0302-,H08-0402-
H09-0809~,H08-0302-,H08-1211~
H09-0908-,H08-1211~,H08-0302-
H09-0910-,H08-1211~,H08-1213-
H09-1009-,H08-1213-,H08-1211~
H09-1011-,H08-1213-,H08-1413-
H09-1110-,H08-1413-,H08-1213-
H09-1112~,H08-1413-,H08-0304-
H09-1211~,H08-0304-,H08-1413-
H09-1213~,H08-0304-,H08-1110-
H09-1312~,H08-1110-,H08-0304-
H09-1314-,H08-1110-,H08-1011-
H09-1413-,H08-1011-,H08-1110-
H09-1415-,H08-1011-,H08-1617~
H09-1514-,H08-1617~,H08-1011-
H09-1516-,H08-1617~,H08-0105-
H09-1615-,H08-0105-,H08-1617~
H09-1617~,H08-0105-,H08-0103-
H09-1716~,H08-0103-,H08-0105-
H09-1718-,H08-0103-,H08-0405-
H09-1817-,H08-0405-,H08-0103-
H09-1819-,H08-0405-,H08-0201~
H09-1918~,H08-0201~,H08-0405-
H09-1920-,H08-0201~,H08-0301-
H09-2006-,H08-0301-,H08-0203-
H09-2019-,H08-0301-,H08-0201~
H10-0109-,H09-1213~,H09-1918~
H10-0110-,H09-1213~,H09-0305-
H10-0111-,H09-1213~,H09-0809~
H10-0113-,H09-1213~,H09-0201-
H10-0215-,H09-0501~,H09-0620-
H10-0217-,H09-0501~,H09-0706~
H10-0305-,H09-1920-,H09-0607-
H10-0306-,H09-1920-,H09-0910-
H10-0408~,H09-2019-,H09-0102~
H10-0414-,H09-2019-,H09-1718-
H10-0503~,H09-0607-,H09-1920-
H10-0520~,H09-0607-,H09-2006-
H10-0603-,H09-0910-,H09-1920-
H10-0614-,H09-0910-,H09-1718-
H10-0708-,H09-1112~,H09-0102~
H10-0712-,H09-1112~,H09-0104-
H10-0804-,H09-0102~,H09-2019-
H10-0807~,H09-0102~,H09-1112~
H10-0901-,H09-1918~,H09-1213~
H10-0910-,H09-1918~,H09-0305-
H10-0911-,H09-1918~,H09-0809~
H10-0913-,H09-1918~,H09-0201-
H10-1001-,H09-0305-,H09-1213~
H10-1009-,H09-0305-,H09-1918~
H10-1011-,H09-0305-,H09-0809~
H10-1013-,H09-0305-,H09-0201-
H10-1101-,H09-0809~,H09-1213~
H10-1109-,H09-0809~,H09-1918~
H10-1110-,H09-0809~,H09-0305-
H10-1113-,H09-0809~,H09-0201-
H10-1207~,H09-0104-,H09-1112~
H10-1215-,H09-0104-,H09-0620-
H10-1301-,H09-0201-,H09-1213~
H10-1309-,H09-0201-,H09-1918~
H10-1310-,H09-0201-,H09-0305-
H10-1311-,H09-0201-,H09-0809~
H10-1404-,H09-1718-,H09-2019-
H10-1406-,H09-1718-,H09-0910-
H10-1502-,H09-0620-,H09-0501~
H10-1512-,H09-0620-,H09-0104-
H10-1619~,H09-1312~,H09-0503-
H10-1620-,H09-1312~,H09-2006-
H10-1702-,H09-0706~,H09-0501~
H10-1718-,H09-0706~,H09-0405-
H10-1817-,H09-0405-,H09-0706~
H10-1819-,H09-0405-,H09-0503-
H10-1916-,H09-0503-,H09-1312~
H10-1918-,H09-0503-,H09-0405-
H10-2005-,H09-2006-,H09-0607-
H10-2016-,H09-2006-,H09-1312~
H11-0102~,H10-0503~,H10-0113-
H11-0103-,H10-0503~,H10-0911-
H11-0104-,H10-0503~,H10-0408~
H11-0105-,H10-0503~,H10-2005-
H11-0201-,H10-0113-,H10-0503~
H11-0203-,H10-0113-,H10-0911-
H11-0204-,H10-0113-,H10-0408~
H11-0205-,H10-0113-,H10-2005-
H11-0301~,H10-0911-,H10-0503~
H11-0302-,H10-0911-,H10-0113-
H11-0304-,H10-0911-,H10-0408~
H11-0305-,H10-0911-,H10-2005-
H11-0401-,H10-0408~,H10-0503~
H11-0402-,H10-0408~,H10-0113-
H11-0403~,H10-0408~,H10-0911-
H11-0405-,H10-0408~,H10-2005-
H11-0501~,H10-2005-,H10-0503~
H11-0502-,H10-2005-,H10-0113-
H11-0503-,H10-2005-,H10-0911-
H11-0504-,H10-2005-,H10-0408~
H11-0607-,H10-1311-,H10-1011-
H11-0620-,H10-1311-,H10-1702-
H11-0706-,H10-1011-,H10-1311-
H11-0708~,H10-1011-,H10-1110-
H11-0807-,H10-1110-,H10-1011-
H11-0809-,H10-1110-,H10-1619~
H11-0908-,H10-1619~,H10-1110-
H11-0910~,H10-1619~,H10-0913-
H11-1009-,H10-0913-,H10-1619~
H11-1011-,H10-0913-,H10-0111-
H11-1110~,H10-0111-,H10-0913-
H11-1112~,H10-0111-,H10-0109-
H11-1211~,H10-0109-,H10-0111-
H11-1213-,H10-0109-,H10-1013-
H11-1312-,H10-1013-,H10-0109-
H11-1314-,H10-1013-,H10-1819-
H11-1413-,H10-1819-,H10-1013-
H11-1415-,H10-1819-,H10-1817-
H11-1514-,H10-1817-,H10-1819-
H11-1516-,H10-1817-,H10-0215-
H11-1615-,H10-0215-,H10-1817-
H11-1617-,H10-0215-,H10-1001-
H11-1716-,H10-1001-,H10-0215-
H11-1718-,H10-1001-,H10-1207~
H11-1817-,H10-1207~,H10-1001-
H11-1819-,H10-1207~,H10-0306-
H11-1918~,H10-0306-,H10-1207~
H11-1920-,H10-0306-,H10-1702-
H11-2006~,H10-1702-,H10-1311-
H11-2019-,H10-1702-,H10-0306-
H12-0102-,H11-0708~,H11-0807-
H12-0103-,H11-0708~,H11-0503-
H12-0104-,H11-0708~,H11-0402-
H12-0105~,H11-0708~,H11-0302-
H12-0201-,H11-0807-,H11-0708~
H12-0203~,H11-0807-,H11-0503-
H12-0204-,H11-0807-,H11-0402-
H12-0205-,H11-0807-,H11-0302-
H12-0301-,H11-0503-,H11-0708~
H12-0302-,H11-0503-,H11-0807-
H12-0304-,H11-0503-,H11-0402-
H12-0305~,H11-0503-,H11-0302-
H12-0401-,H11-0402-,H11-0708~
H12-0402-,H11-0402-,H11-0807-
H12-0403-,H11-0402-,H11-0503-
H12-0405-,H11-0402-,H11-0302-
H12-0501-,H11-0302-,H11-0708~
H12-0502-,H11-0302-,H11-0807-
H12-0503-,H11-0302-,H11-0503-
H12-0504-,H11-0302-,H11-0402-
H12-0607-,H11-1211~,H11-0103-
H12-0620~,H11-1211~,H11-0305-
H12-0706-,H11-0103-,H11-1211~
H12-0708-,H11-0103-,H11-0502-
H12-0807-,H11-0502-,H11-0103-
H12-0809~,H11-0502-,H11-1112~
H12-0908-,H11-1112~,H11-0502-
H12-0910-,H11-1112~,H11-0104-
H12-1009-,H11-0104-,H11-1112~
H12-1011-,H11-0104-,H11-0620-
H12-1110~,H11-0620-,H11-0104-
H12-1112-,H11-0620-,H11-0205-
H12-1211~,H11-0205-,H11-0620-
H12-1213-,H11-0205-,H11-2019-
H12-1312-,H11-2019-,H11-0205-
H12-1314-,H11-2019-,H11-0105-
H12-1413-,H11-0105-,H11-2019-
H12-1415-,H11-0105-,H11-0301~
H12-1514~,H11-0301~,H11-0105-
H12-1516-,H11-0301~,H11-0201-
H12-1615-,H11-0201-,H11-0301~
H12-1617-,H11-0201-,H11-0405-
H12-1716-,H11-0405-,H11-0201-
H12-1718-,H11-0405-,H11-0504-
H12-1817-,H11-0504-,H11-0405-
H12-1819-,H11-0504-,H11-0403~
H12-1918-,H11-0403~,H11-0504-
H12-1920~,H11-0403~,H11-0305-
H12-2006~,H11-0305-,H11-1211~
H12-2019-,H11-0305-,H11-0403~
H13-0102-,H12-0401-,H12-0620~
H13-0103-,H12-0401-,H12-0205-
H13-0104-,H12-0401-,H12-0403-
H13-0105-,H12-0401-,H12-0503-
H13-0201-,H12-0620~,H12-0401-
H13-0203-,H12-0620~,H12-0205-
H13-0204-,H12-0620~,H12-0403-
H13-0205-,H12-0620~,H12-0503-
H13-0301-,H12-0205-,H12-0401-
H13-0302-,H12-0205-,H12-0620~
H13-0304-,H12-0205-,H12-0403-
H13-0305~,H12-0205-,H12-0503-
H13-0401-,H12-0403-,H12-0401-
H13-0402-,H12-0403-,H12-0620~
H13-0403-,H12-0403-,H12-0205-
H13-0405-,H12-0403-,H12-0503-
H13-0501-,H12-0503-,H12-0401-
H13-0502-,H12-0503-,H12-0620~
H13-0503-,H12-0503-,H12-0205-
H13-0504~,H12-0503-,H12-0403-
H13-0607-,H12-0607-,H12-0807-
H13-0620-,H12-0607-,H12-0910-
H13-0706-,H12-0807-,H12-0607-
H13-0708-,H12-0807-,H12-1615-
H13-0807-,H12-1615-,H12-0807-
H13-0809-,H12-1615-,H12-1516-
H13-0908-,H12-1516-,H12-1615-
H13-0910~,H12-1516-,H12-0708-
H13-1009-,H12-0708-,H12-1516-
H13-1011-,H12-0708-,H12-0809~
H13-1110~,H12-0809~,H12-0708-
H13-1112-,H12-0809~,H12-0504-
H13-1211-,H12-0504-,H12-0809~
H13-1213-,H12-0504-,H12-1213-
H13-1312~,H12-1213-,H12-0504-
H13-1314-,H12-1213-,H12-1514~
H13-1413-,H12-1514~,H12-1213-
H13-1415-,H12-1514~,H12-1110~
H13-1514-,H12-1110~,H12-1514~
H13-1516~,H12-1110~,H12-0203~
H13-1615-,H12-0203~,H12-1110~
H13-1617~,H12-0203~,H12-0402-
H13-1716-,H12-0402-,H12-0203~
H13-1718-,H12-0402-,H12-1314-
H13-1817-,H12-1314-,H12-0402-
H13-1819~,H12-1314-,H12-1920~
H13-1918-,H12-1920~,H12-1314-
H13-1920-,H12-1920~,H12-0910-
H13-2006~,H12-0910-,H12-0607-
H13-2019~,H12-0910-,H12-1920~
H14-0102-,H13-0502-,H13-0301-
H14-0103-,H13-0502-,H13-1918-
H14-0104-,H13-0502-,H13-0403-
H14-0105-,H13-0502-,H13-0620-
H14-0201-,H13-0301-,H13-0502-
H14-0203-,H13-0301-,H13-1918-
H14-0204-,H13-0301-,H13-0403-
H14-0205-,H13-0301-,H13-0620-
H14-0301-,H13-1918-,H13-0502-
H14-0302-,H13-1918-,H13-0301-
H14-0304-,H13-1918-,H13-0403-
H14-0305-,H13-1918-,H13-0620-
H14-0401-,H13-0403-,H13-0502-
H14-0402~,H13-0403-,H13-0301-
H14-0403-,H13-0403-,H13-1918-
H14-0405-,H13-0403-,H13-0620-
H14-0501-,H13-0620-,H13-0502-
H14-0502-,H13-0620-,H13-0301-
H14-0503-,H13-0620-,H13-1918-
H14-0504-,H13-0620-,H13-0403-
H14-0607-,H13-1213-,H13-2019~
H14-0620-,H13-1213-,H13-0203-
H14-0706-,H13-2019~,H13-1213-
H14-0708~,H13-2019~,H13-0607-
H14-0807-,H13-0607-,H13-2019~
H14-0809-,H13-0607-,H13-0401-
H14-0908-,H13-0401-,H13-0607-
H14-0910~,H13-0401-,H13-0706-
H14-1009-,H13-0706-,H13-0401-
H14-1011~,H13-0706-,H13-1312~
H14-1110-,H13-1312~,H13-0706-
H14-1112-,H13-1312~,H13-1718-
H14-1211-,H13-1718-,H13-1312~
H14-1213-,H13-1718-,H13-0708-
H14-1312-,H13-0708-,H13-1718-
H14-1314-,H13-0708-,H13-0102-
H14-1413-,H13-0102-,H13-0708-
H14-1415~,H13-0102-,H13-1819~
H14-1514-,H13-1819~,H13-0102-
H14-1516~,H13-1819~,H13-1009-
H14-1615~,H13-1009-,H13-1819~
H14-1617-,H13-1009-,H13-0205-
H14-1716-,H13-0205-,H13-1009-
H14-1718-,H13-0205-,H13-1211-
H14-1817-,H13-1211-,H13-0205-
H14-1819~,H13-1211-,H13-0104-
H14-1918~,H13-0104-,H13-1211-
H14-1920-,H13-0104-,H13-0203-
H14-2006-,H13-0203-,H13-1213-
H14-2019-,H13-0203-,H13-0104-
H15-0105-,H14-1514-,H14-1314-
H15-0110-,H14-1514-,H14-0105-
H15-0113-,H14-1514-,H14-1615~
H15-0119,H14-1514-,H14-0301-
H15-0203-,H14-1415~,H14-0201-
H15-0204-,H14-1415~,H14-1918~
H15-0302-,H14-0201-,H14-1415~
H15-0308-,H14-0201-,H14-0501-
H15-0402,H14-1918~,H14-1415~
H15-0406~,H14-1918~,H14-1312-
H15-0501-,H14-1314-,H14-1514-
H15-0510-,H14-1314-,H14-0105-
H15-0513-,H14-1314-,H14-1615~
H15-0519-,H14-1314-,H14-0301-
H15-0604-,H14-1312-,H14-1918~
H15-0612-,H14-1312-,H14-1617-
H15-0715~,H14-1110-,H14-0708~
H15-0720-,H14-1110-,H14-0304-
H15-0803-,H14-0501-,H14-0201-
H15-0816-,H14-0501-,H14-1516~
H15-0911-,H14-0706-,H14-1413-
H15-0920-,H14-0706-,H14-0304-
H15-1001-,H14-0105-,H14-1514-
H15-1005-,H14-0105-,H14-1314-
H15-1013-,H14-0105-,H14-1615~
H15-1019-,H14-0105-,H14-0301-
H15-1109-,H14-1413-,H14-0706-
H15-1117-,H14-1413-,H14-1011~
H15-1206-,H14-1617-,H14-1312-
H15-1218-,H14-1617-,H14-0504-
H15-1301-,H14-1615~,H14-1514-
H15-1305-,H14-1615~,H14-1314-
H15-1310-,H14-1615~,H14-0105-
H15-1319-,H14-1615~,H14-0301-
H15-1415~,H14-0104-,H14-0708~
H15-1418~,H14-0104-,H14-0504-
H15-1507~,H14-0708~,H14-1110-
H15-1514~,H14-0708~,H14-0104-
H15-1608-,H14-1516~,H14-0501-
H15-1617-,H14-1516~,H14-1011~
H15-1711-,H14-1011~,H14-1413-
H15-1716-,H14-1011~,H14-1516~
H15-1812~,H14-0504-,H14-1617-
H15-1814-,H14-0504-,H14-0104-
H15-1901-,H14-0301-,H14-1514-
H15-1905-,H14-0301-,H14-1314-
H15-1910-,H14-0301-,H14-0105-
H15-1913-,H14-0301-,H14-1615~
H15-2007-,H14-0304-,H14-1110-
H15-2009-,H14-0304-,H14-0706-
L00-01,0,0
L00-02,0,0
L00-03,0,0
L00-04,0,0
L00-05,0,0
L00-06,0,0
L00-07,0,0
L00-08,0,0
L00-09,0,0
L00-10,0,0
L00-11,0,0
L00-12,0,0
L00-13,0,0
L00-14,0,0
L00-15,0,0
L00-16,0,0
L00-17,0,0
L00-18,0,0
L00-19,0,0
L00-20,0,0
L01-0102-,L00-01,L00-02
L01-0103-,L00-01,L00-03
L01-0104-,L00-01,L00-04
L01-0105-,L00-01,L00-05
L01-0201-,L00-02,L00-01
L01-0203-,L00-02,L00-03
L01-0204-,L00-02,L00-04
L01-0205-,L00-02,L00-05
L01-0301-,L00-03,L00-01
L01-0302-,L00-03,L00-02
L01-0304-,L00-03,L00-04
L01-0305-,L00-03,L00-05
L01-0401-,L00-04,L00-01
L01-0402-,L00-04,L00-02
L01-0403-,L00-04,L00-03
L01-0405-,L00-04,L00-05
L01-0501-,L00-05,L00-01
L01-0502-,L00-05,L00-02
L01-0503-,L00-05,L00-03
L01-0504-,L00-05,L00-04
L01-0607-,L00-06,L00-07
L01-0620-,L00-06,L00-20
L01-0706-,L00-07,L00-06
L01-0708-,L00-07,L00-08
L01-0807-,L00-08,L00-07
L01-0809-,L00-08,L00-09
L01-0908-,L00-09,L00-08
L01-0910-,L00-09,L00-10
L01-1009-,L00-10,L00-09
L01-1011-,L00-10,L00-11
L01-1110-,L00-11,L00-10
L01-1112-,L00-11,L00-12
L01-1211-,L00-12,L00-11
L01-1213-,L00-12,L00-13
L01-1312-,L00-13,L00-12
L01-1314-,L00-13,L00-14
L01-1413-,L00-14,L00-13
L01-1415-,L00-14,L00-15
L01-1514-,L00-15,L00-14
L01-1516-,L00-15,L00-16
L01-1615-,L00-16,L00-15
L01-1617-,L00-16,L00-17
L01-1716-,L00-17,L00-16
L01-1718-,L00-17,L00-18
L01-1817-,L00-18,L00-17
L01-1819-,L00-18,L00-19
L01-1918-,L00-19,L00-18
L01-1920-,L00-19,L00-20
L01-2006-,L00-20,L00-06
L01-2019-,L00-20,L00-19
L02-0102-,L01-1312-,L01-0504-
L02-0103-,L01-1312-,L01-0403-
L02-0104-,L01-1312-,L01-1716-
L02-0105-,L01-1312-,L01-0402-
L02-0201-,L01-0504-,L01-1312-
L02-0203-,L01-0504-,L01-0403-
L02-0204-,L01-0504-,L01-1716-
L02-0205-,L01-0504-,L01-0402-
L02-0301-,L01-0403-,L01-1312-
L02-0302-,L01-0403-,L01-0504-
L02-0304-,L01-0403-,L01-1716-
L02-0305-,L01-0403-,L01-0402-
L02-0401-,L01-1716-,L01-1312-
L02-0402-,L01-1716-,L01-0504-
L02-0403-,L01-1716-,L01-0403-
L02-0405-,L01-1716-,L01-0402-
L02-0501-,L01-0402-,L01-1312-
L02-0502-,L01-0402-,L01-0504-
L02-0503-,L01-0402-,L01-0403-
L02-0504-,L01-0402-,L01-1716-
L02-0607-,L01-0305-,L01-1211-
L02-0620-,L01-0305-,L01-1314-
L02-0706-,L01-1211-,L01-0305-
L02-0708-,L01-1211-,L01-0809-
L02-0807-,L01-0809-,L01-1211-
L02-0809-,L01-0809-,L01-0607-
L02-0908-,L01-0607-,L01-0809-
L02-0910-,L01-0607-,L01-0620-
L02-1009-,L01-0620-,L01-0607-
L02-1011-,L01-0620-,L01-1213-
L02-1110-,L01-1213-,L01-0620-
L02-1112-,L01-1213-,L01-0405-
L02-1211-,L01-0405-,L01-1213-
L02-1213-,L01-0405-,L01-1920-
L02-1312-,L01-1920-,L01-0405-
L02-1314-,L01-1920-,L01-0302-
L02-1413-,L01-0302-,L01-1920-
L02-1415-,L01-0302-,L01-0204-
L02-1514-,L01-0204-,L01-0302-
L02-1516-,L01-0204-,L01-2019-
L02-1615-,L01-2019-,L01-0204-
L02-1617-,L01-2019-,L01-1718-
L02-1716-,L01-1718-,L01-2019-
L02-1718-,L01-1718-,L01-0503-
L02-1817-,L01-0503-,L01-1718-
L02-1819-,L01-0503-,L01-0706-
L02-1918-,L01-0706-,L01-0503-
L02-1920-,L01-0706-,L01-1314-
L02-2006-,L01-1314-,L01-0305-
L02-2019-,L01-1314-,L01-0706-
L03-0102-,L02-1211-,L02-1312-
L03-0103-,L02-1211-,L02-1615-
L03-0104-,L02-1211-,L02-0402-
L03-0105-,L02-1211-,L02-0809-
L03-0201-,L02-1312-,L02-1211-
L03-0203-,L02-1312-,L02-1615-
L03-0204-,L02-1312-,L02-0402-
L03-0205-,L02-1312-,L02-0809-
L03-0301-,L02-1615-,L02-1211-
L03-0302-,L02-1615-,L02-1312-
L03-0304-,L02-1615-,L02-0402-
L03-0305-,L02-1615-,L02-0809-
L03-0401-,L02-0402-,L02-1211-
L03-0402-,L02-0402-,L02-1312-
L03-0403-,L02-0402-,L02-1615-
L03-0405-,L02-0402-,L02-0809-
L03-0501-,L02-0809-,L02-1211-
L03-0502-,L02-0809-,L02-1312-
L03-0503-,L02-0809-,L02-1615-
L03-0504-,L02-0809-,L02-0402-
L03-0607-,L02-0501-,L02-0405-
L03-0620-,L02-0501-,L02-0205-
L03-0706-,L02-0405-,L02-0501-
L03-0708-,L02-0405-,L02-0607-
L03-0807-,L02-0607-,L02-0405-
L03-0809-,L02-0607-,L02-0401-
L03-0908-,L02-0401-,L02-0607-
L03-0910-,L02-0401-,L02-1009-
L03-1009-,L02-1009-,L02-0401-
L03-1011-,L02-1009-,L02-1516-
L03-1110-,L02-1516-,L02-1009-
L03-1112-,L02-1516-,L02-1514-
L03-1211-,L02-1514-,L02-1516-
L03-1213-,L02-1514-,L02-1718-
L03-1312-,L02-1718-,L02-1514-
L03-1314-,L02-1718-,L02-1413-
L03-1413-,L02-1413-,L02-1718-
L03-1415-,L02-1413-,L02-0708-
L03-1514-,L02-0708-,L02-1413-
L03-1516-,L02-0708-,L02-0203-
L03-1615-,L02-0203-,L02-0708-
L03-1617-,L02-0203-,L02-1415-
L03-1716-,L02-1415-,L02-0203-
L03-1718-,L02-1415-,L02-0305-
L03-1817-,L02-0305-,L02-1415-
L03-1819-,L02-0305-,L02-0504-
L03-1918-,L02-0504-,L02-0305-
L03-1920-,L02-0504-,L02-0205-
L03-2006-,L02-0205-,L02-0501-
L03-2019-,L02-0205-,L02-0504-
L04-0102-,L03-0105-,L03-1011-
L04-0103-,L03-0105-,L03-0620-
L04-0104-,L03-0105-,L03-0708-
L04-0105-,L03-0105-,L03-1112-
L04-0201-,L03-1011-,L03-0105-
L04-0203-,L03-1011-,L03-0620-
L04-0204-,L03-1011-,L03-0708-
L04-0205-,L03-1011-,L03-1112-
L04-0301-,L03-0620-,L03-0105-
L04-0302-,L03-0620-,L03-1011-
L04-0304-,L03-0620-,L03-0708-
L04-0305-,L03-0620-,L03-1112-
L04-0401-,L03-0708-,L03-0105-
L04-0402-,L03-0708-,L03-1011-
L04-0403-,L03-0708-,L03-0620-
L04-0405-,L03-0708-,L03-1112-
L04-0501-,L03-1112-,L03-0105-
L04-0502-,L03-1112-,L03-1011-
L04-0503-,L03-1112-,L03-0620-
L04-0504-,L03-1112-,L03-0708-
L04-0607-,L03-1415-,L03-0205-
L04-0620-,L03-1415-,L03-0401-
L04-0706-,L03-0205-,L03-1415-
L04-0708-,L03-0205-,L03-1413-
L04-0807-,L03-1413-,L03-0205-
L04-0809-,L03-1413-,L03-0203-
L04-0908-,L03-0203-,L03-1413-
L04-0910-,L03-0203-,L03-0706-
L04-1009-,L03-0706-,L03-0203-
L04-1011-,L03-0706-,L03-0302-
L04-1110-,L03-0302-,L03-0706-
L04-1112-,L03-0302-,L03-1514-
L04-1211-,L03-1514-,L03-0302-
L04-1213-,L03-1514-,L03-1213-
L04-1312-,L03-1213-,L03-1514-
L04-1314-,L03-1213-,L03-0503-
L04-1413-,L03-0503-,L03-1213-
L04-1415-,L03-0503-,L03-0304-
L04-1514-,L03-0304-,L03-0503-
L04-1516-,L03-0304-,L03-0502-
L04-1615-,L03-0502-,L03-0304-
L04-1617-,L03-0502-,L03-0201-
L04-1716-,L03-0201-,L03-0502-
L04-1718-,L03-0201-,L03-0204-
L04-1817-,L03-0204-,L03-0201-
L04-1819-,L03-0204-,L03-0504-
L04-1918-,L03-0504-,L03-0204-
L04-1920-,L03-0504-,L03-0401-
L04-2006-,L03-0401-,L03-1415-
L04-2019-,L03-0401-,L03-0504-
L05-0104-,L04-0205-,L04-0807-
L05-0107-,L04-0205-,L04-1920-
L05-0109-,L04-0205-,L04-0706-
L05-0115-,L04-0205-,L04-0105-
L05-0203-,L04-1716-,L04-0403-
L05-0216-,L04-1716-,L04-0908-
L05-0302-,L04-0403-,L04-1716-
L05-0313-,L04-0403-,L04-2006-
L05-0401-,L04-0807-,L04-0205-
L05-0407-,L04-0807-,L04-1920-
L05-0409-,L04-0807-,L04-0706-
L05-0415-,L04-0807-,L04-0105-
L05-0506-,L04-0204-,L04-0910-
L05-0510-,L04-0204-,L04-0502-
L05-0605-,L04-0910-,L04-0204-
L05-0612-,L04-0910-,L04-0304-
L05-0701-,L04-1920-,L04-0205-
L05-0704-,L04-1920-,L04-0807-
L05-0709-,L04-1920-,L04-0706-
L05-0715-,L04-1920-,L04-0105-
L05-0813-,L04-0305-,L04-2006-
L05-0818-,L04-0305-,L04-0504-
L05-0901-,L04-0706-,L04-0205-
L05-0904-,L04-0706-,L04-0807-
L05-0907-,L04-0706-,L04-1920-
L05-0915-,L04-0706-,L04-0105-
L05-1005-,L04-0502-,L04-0204-
L05-1017-,L04-0502-,L04-0401-
L05-1112-,L04-1415-,L04-0304-
L05-1116-,L04-1415-,L04-0908-
L05-1206-,L04-0304-,L04-0910-
L05-1211-,L04-0304-,L04-1415-
L05-1303-,L04-2006-,L04-0403-
L05-1308-,L04-2006-,L04-0305-
L05-1417-,L04-1011-,L04-0401-
L05-1419-,L04-1011-,L04-1918-
L05-1501-,L04-0105-,L04-0205-
L05-1504-,L04-0105-,L04-0807-
L05-1507-,L04-0105-,L04-1920-
L05-1509-,L04-0105-,L04-0706-
L05-1602-,L04-0908-,L04-1716-
L05-1611-,L04-0908-,L04-1415-
L05-1710-,L04-0401-,L04-0502-
L05-1714-,L04-0401-,L04-1011-
L05-1808-,L04-0504-,L04-0305-
L05-1820-,L04-0504-,L04-1516-
L05-1914-,L04-1918-,L04-1011-
L05-1920-,L04-1918-,L04-1516-
L05-2018-,L04-1516-,L04-0504-
L05-2019-,L04-1516-,L04-1918-
L06-0102-,L05-0104-,L05-0401-
L06-0103-,L05-0104-,L05-0701-
L06-0104-,L05-0104-,L05-1206-
L06-0105-,L05-0104-,L05-1611-
L06-0201-,L05-0401-,L05-0104-
L06-0203-,L05-0401-,L05-0701-
L06-0204-,L05-0401-,L05-1206-
L06-0205-,L05-0401-,L05-1611-
L06-0301-,L05-0701-,L05-0104-
L06-0302-,L05-0701-,L05-0401-
L06-0304-,L05-0701-,L05-1206-
L06-0305-,L05-0701-,L05-1611-
L06-0401-,L05-1206-,L05-0104-
L06-0402-,L05-1206-,L05-0401-
L06-0403-,L05-1206-,L05-0701-
L06-0405-,L05-1206-,L05-1611-
L06-0501-,L05-1611-,L05-0104-
L06-0502-,L05-1611-,L05-0401-
L06-0503-,L05-1611-,L05-0701-
L06-0504-,L05-1611-,L05-1206-
L06-0607-,L05-0115-,L05-0109-
L06-0620-,L05-0115-,L05-0415-
L06-0706-,L05-0109-,L05-0115-
L06-0708-,L05-0109-,L05-1308-
L06-0807-,L05-1308-,L05-0109-
L06-0809-,L05-1308-,L05-0901-
L06-0908-,L05-0901-,L05-1308-
L06-0910-,L05-0901-,L05-1920-
L06-1009-,L05-1920-,L05-0901-
L06-1011-,L05-1920-,L05-1116-
L06-1110-,L05-1116-,L05-1920-
L06-1112-,L05-1116-,L05-0704-
L06-1211-,L05-0704-,L05-1116-
L06-1213-,L05-0704-,L05-0409-
L06-1312-,L05-0409-,L05-0704-
L06-1314-,L05-0409-,L05-0715-
L06-1413-,L05-0715-,L05-0409-
L06-1415-,L05-0715-,L05-0107-
L06-1514-,L05-0107-,L05-0715-
L06-1516-,L05-0107-,L05-1211-
L06-1615-,L05-1211-,L05-0107-
L06-1617-,L05-1211-,L05-0709-
L06-1716-,L05-0709-,L05-1211-
L06-1718-,L05-0709-,L05-2019-
L06-1817-,L05-2019-,L05-0709-
L06-1819-,L05-2019-,L05-0813-
L06-1918-,L05-0813-,L05-2019-
L06-1920-,L05-0813-,L05-0415-
L06-2006-,L05-0415-,L05-0115-
L06-2019-,L05-0415-,L05-0813-
L07-0102-,L06-1819-,L06-1918-
L07-0103-,L06-1819-,L06-1514-
L07-0104-,L06-1819-,L06-1009-
L07-0105-,L06-1819-,L06-0620-
L07-0201-,L06-1918-,L06-1819-
L07-0203-,L06-1918-,L06-1514-
L07-0204-,L06-1918-,L06-1009-
L07-0205-,L06-1918-,L06-0620-
L07-0301-,L06-1514-,L06-1819-
L07-0302-,L06-1514-,L06-1918-
L07-0304-,L06-1514-,L06-1009-
L07-0305-,L06-1514-,L06-0620-
L07-0401-,L06-1009-,L06-1819-
L07-0402-,L06-1009-,L06-1918-
L07-0403-,L06-1009-,L06-1514-
L07-0405-,L06-1009-,L06-0620-
L07-0501-,L06-0620-,L06-1819-
L07-0502-,L06-0620-,L06-1918-
L07-0503-,L06-0620-,L06-1514-
L07-0504-,L06-0620-,L06-1009-
L07-0607-,L06-0405-,L06-1615-
L07-0620-,L06-0405-,L06-0201-
L07-0706-,L06-1615-,L06-0405-
L07-0708-,L06-1615-,L06-1516-
L07-0807-,L06-1516-,L06-1615-
L07-0809-,L06-1516-,L06-1617-
L07-0908-,L06-1617-,L06-1516-
L07-0910-,L06-1617-,L06-0102-
L07-1009-,L06-0102-,L06-1617-
L07-1011-,L06-0102-,L06-1112-
L07-1110-,L06-1112-,L06-0102-
L07-1112-,L06-1112-,L06-1718-
L07-1211-,L06-1718-,L06-1112-
L07-1213-,L06-1718-,L06-0205-
L07-1312-,L06-0205-,L06-1718-
L07-1314-,L06-0205-,L06-0104-
L07-1413-,L06-0104-,L06-0205-
L07-1415-,L06-0104-,L06-0501-
L07-1514-,L06-0501-,L06-0104-
L07-1516-,L06-0501-,L06-0708-
L07-1615-,L06-0708-,L06-0501-
L07-1617-,L06-0708-,L06-0105-
L07-1716-,L06-0105-,L06-0708-
L07-1718-,L06-0105-,L06-1413-
L07-1817-,L06-1413-,L06-0105-
L07-1819-,L06-1413-,L06-1110-
L07-1918-,L06-1110-,L06-1413-
L07-1920-,L06-1110-,L06-0201-
L07-2006-,L06-0201-,L06-0405-
L07-2019-,L06-0201-,L06-1110-
L08-0102-,L07-0305-,L07-0708-
L08-0103-,L07-0305-,L07-1514-
L08-0104-,L07-0305-,L07-1112-
L08-0105-,L07-0305-,L07-0302-
L08-0201-,L07-0708-,L07-0305-
L08-0203-,L07-0708-,L07-1514-
L08-0204-,L07-0708-,L07-1112-
L08-0205-,L07-0708-,L07-0302-
L08-0301-,L07-1514-,L07-0305-
L08-0302-,L07-1514-,L07-0708-
L08-0304-,L07-1514-,L07-1112-
L08-0305-,L07-1514-,L07-0302-
L08-0401-,L07-1112-,L07-0305-
L08-0402-,L07-1112-,L07-0708-
L08-0403-,L07-1112-,L07-1514-
L08-0405-,L07-1112-,L07-0302-
L08-0501-,L07-0302-,L07-0305-
L08-0502-,L07-0302-,L07-0708-
L08-0503-,L07-0302-,L07-1514-
L08-0504-,L07-0302-,L07-1112-
L08-0607-,L07-0807-,L07-2006-
L08-0620-,L07-0807-,L07-1110-
L08-0706-,L07-2006-,L07-0807-
L08-0708-,L07-2006-,L07-0908-
L08-0807-,L07-0908-,L07-2006-
L08-0809-,L07-0908-,L07-0103-
L08-0908-,L07-0103-,L07-0908-
L08-0910-,L07-0103-,L07-1918-
L08-1009-,L07-1918-,L07-0103-
L08-1011-,L07-1918-,L07-1213-
L08-1110-,L07-1213-,L07-1918-
L08-1112-,L07-1213-,L07-1920-
L08-1211-,L07-1920-,L07-1213-
L08-1213-,L07-1920-,L07-0706-
L08-1312-,L07-0706-,L07-1920-
L08-1314-,L07-0706-,L07-0401-
L08-1413-,L07-0401-,L07-0706-
L08-1415-,L07-0401-,L07-1718-
L08-1514-,L07-1718-,L07-0401-
L08-1516-,L07-1718-,L07-0607-
L08-1615-,L07-0607-,L07-1718-
L08-1617-,L07-0607-,L07-0201-
L08-1716-,L07-0201-,L07-0607-
L08-1718-,L07-0201-,L07-0301-
L08-1817-,L07-0301-,L07-0201-
L08-1819-,L07-0301-,L07-0910-
L08-1918-,L07-0910-,L07-0301-
L08-1920-,L07-0910-,L07-1110-
L08-2006-,L07-1110-,L07-0807-
L08-2019-,L07-1110-,L07-0910-
L09-0102-,L08-1211-,L08-0302-
L09-0103-,L08-1211-,L08-0104-
L09-0104-,L08-1211-,L08-1009-
L09-0105-,L08-1211-,L08-0205-
L09-0201-,L08-0302-,L08-1211-
L09-0203-,L08-0302-,L08-0104-
L09-0204-,L08-0302-,L08-1009-
L09-0205-,L08-0302-,L08-0205-
L09-0301-,L08-0104-,L08-1211-
L09-0302-,L08-0104-,L08-0302-
L09-0304-,L08-0104-,L08-1009-
L09-0305-,L08-0104-,L08-0205-
L09-0401-,L08-1009-,L08-1211-
L09-0402-,L08-1009-,L08-0302-
L09-0403-,L08-1009-,L08-0104-
L09-0405-,L08-1009-,L08-0205-
L09-0501-,L08-0205-,L08-1211-
L09-0502-,L08-0205-,L08-0302-
L09-0503-,L08-0205-,L08-0104-
L09-0504-,L08-0205-,L08-1009-
L09-0607-,L08-0908-,L08-0504-
L09-0620-,L08-0908-,L08-0102-
L09-0706-,L08-0504-,L08-0908-
L09-0708-,L08-0504-,L08-0503-
L09-0807-,L08-0503-,L08-0504-
L09-0809-,L08-0503-,L08-1213-
L09-0908-,L08-1213-,L08-0503-
L09-0910-,L08-1213-,L08-0403-
L09-1009-,L08-0403-,L08-1213-
L09-1011-,L08-0403-,L08-1817-
L09-1110-,L08-1817-,L08-0403-
L09-1112-,L08-1817-,L08-0204-
L09-1211-,L08-0204-,L08-1817-
L09-1213-,L08-0204-,L08-2019-
L09-1312-,L08-2019-,L08-0204-
L09-1314-,L08-2019-,L08-0201-
L09-1413-,L08-0201-,L08-2019-
L09-1415-,L08-0201-,L08-1716-
L09-1514-,L08-1716-,L08-0201-
L09-1516-,L08-1716-,L08-0301-
L09-1615-,L08-0301-,L08-1716-
L09-1617-,L08-0301-,L08-0401-
L09-1716-,L08-0401-,L08-0301-
L09-1718-,L08-0401-,L08-0203-
L09-1817-,L08-0203-,L08-0401-
L09-1819-,L08-0203-,L08-1312-
L09-1918-,L08-1312-,L08-0203-
L09-1920-,L08-1312-,L08-0102-
L09-2006-,L08-0102-,L08-0908-
L09-2019-,L08-0102-,L08-1312-
L10-0107-,L09-1716-,L09-1516-
L10-0115-,L09-1716-,L09-1514-
L10-0210-,L09-1819-,L09-1718-
L10-0220-,L09-1819-,L09-1920-
L10-0308-,L09-1011-,L09-0504-
L10-0309-,L09-1011-,L09-1312-
L10-0311-,L09-1011-,L09-0402-
L10-0316-,L09-1011-,L09-1918-
L10-0412-,L09-0706-,L09-1009-
L10-0417-,L09-0706-,L09-0103-
L10-0506-,L09-0401-,L09-0607-
L10-0518-,L09-0401-,L09-0620-
L10-0605-,L09-0607-,L09-0401-
L10-0613-,L09-0607-,L09-1314-
L10-0701-,L09-1516-,L09-1716-
L10-0712-,L09-1516-,L09-1009-
L10-0803-,L09-0504-,L09-1011-
L10-0809-,L09-0504-,L09-1312-
L10-0811-,L09-0504-,L09-0402-
L10-0816-,L09-0504-,L09-1918-
L10-0903-,L09-1312-,L09-1011-
L10-0908-,L09-1312-,L09-0504-
L10-0911-,L09-1312-,L09-0402-
L10-0916-,L09-1312-,L09-1918-
L10-1002-,L09-1718-,L09-1819-
L10-1019-,L09-1718-,L09-0105-
L10-1103-,L09-0402-,L09-1011-
L10-1108-,L09-0402-,L09-0504-
L10-1109-,L09-0402-,L09-1312-
L10-1116-,L09-0402-,L09-1918-
L10-1204-,L09-1009-,L09-0706-
L10-1207-,L09-1009-,L09-1516-
L10-1306-,L09-1314-,L09-0607-
L10-1315-,L09-1314-,L09-1514-
L10-1418-,L09-2006-,L09-0620-
L10-1419-,L09-2006-,L09-0105-
L10-1501-,L09-1514-,L09-1716-
L10-1513-,L09-1514-,L09-1314-
L10-1603-,L09-1918-,L09-1011-
L10-1608-,L09-1918-,L09-0504-
L10-1609-,L09-1918-,L09-1312-
L10-1611-,L09-1918-,L09-0402-
L10-1704-,L09-0103-,L09-0706-
L10-1720-,L09-0103-,L09-1920-
L10-1805-,L09-0620-,L09-0401-
L10-1814-,L09-0620-,L09-2006-
L10-1910-,L09-0105-,L09-1718-
L10-1914-,L09-0105-,L09-2006-
L10-2002-,L09-1920-,L09-1819-
L10-2017-,L09-1920-,L09-0103-
L11-0102-,L10-2002-,L10-0412-
L11-0103-,L10-2002-,L10-0803-
L11-0104-,L10-2002-,L10-0911-
L11-0105-,L10-2002-,L10-0309-
L11-0201-,L10-0412-,L10-2002-
L11-0203-,L10-0412-,L10-0803-
L11-0204-,L10-0412-,L10-0911-
L11-0205-,L10-0412-,L10-0309-
L11-0301-,L10-0803-,L10-2002-
L11-0302-,L10-0803-,L10-0412-
L11-0304-,L10-0803-,L10-0911-
L11-0305-,L10-0803-,L10-0309-
L11-0401-,L10-0911-,L10-2002-
L11-0402-,L10-0911-,L10-0412-
L11-0403-,L10-0911-,L10-0803-
L11-0405-,L10-0911-,L10-0309-
L11-0501-,L10-0309-,L10-2002-
L11-0502-,L10-0309-,L10-0412-
L11-0503-,L10-0309-,L10-0803-
L11-0504-,L10-0309-,L10-0911-
L11-0607-,L10-1103-,L10-1116-
L11-0620-,L10-1103-,L10-1609-
L11-0706-,L10-1116-,L10-1103-
L11-0708-,L10-1116-,L10-0903-
L11-0807-,L10-0903-,L10-1116-
L11-0809-,L10-0903-,L10-0605-
L11-0908-,L10-0605-,L10-0903-
L11-0910-,L10-0605-,L10-0518-
L11-1009-,L10-0518-,L10-0605-
L11-1011-,L10-0518-,L10-0316-
L11-1110-,L10-0316-,L10-0518-
L11-1112-,L10-0316-,L10-0311-
L11-1211-,L10-0311-,L10-0316-
L11-1213-,L10-0311-,L10-1814-
L11-1312-,L10-1814-,L10-0311-
L11-1314-,L10-1814-,L10-1611-
L11-1413-,L10-1611-,L10-1814-
L11-1415-,L10-1611-,L10-1608-
L11-1514-,L10-1608-,L10-1611-
L11-1516-,L10-1608-,L10-0811-
L11-1615-,L10-0811-,L10-1608-
L11-1617-,L10-0811-,L10-0613-
L11-1716-,L10-0613-,L10-0811-
L11-1718-,L10-0613-,L10-2017-
L11-1817-,L10-2017-,L10-0613-
L11-1819-,L10-2017-,L10-0809-
L11-1918-,L10-0809-,L10-2017-
L11-1920-,L10-0809-,L10-1609-
L11-2006-,L10-1609-,L10-1103-
L11-2019-,L10-1609-,L10-0809-
L12-0102-,L11-0402-,L11-0607-
L12-0103-,L11-0402-,L11-0204-
L12-0104-,L11-0402-,L11-2019-
L12-0105-,L11-0402-,L11-2006-
L12-0201-,L11-0607-,L11-0402-
L12-0203-,L11-0607-,L11-0204-
L12-0204-,L11-0607-,L11-2019-
L12-0205-,L11-0607-,L11-2006-
L12-0301-,L11-0204-,L11-0402-
L12-0302-,L11-0204-,L11-0607-
L12-0304-,L11-0204-,L11-2019-
L12-0305-,L11-0204-,L11-2006-
L12-0401-,L11-2019-,L11-0402-
L12-0402-,L11-2019-,L11-0607-
L12-0403-,L11-2019-,L11-0204-
L12-0405-,L11-2019-,L11-2006-
L12-0501-,L11-2006-,L11-0402-
L12-0502-,L11-2006-,L11-0607-
L12-0503-,L11-2006-,L11-0204-
L12-0504-,L11-2006-,L11-2019-
L12-0607-,L11-0103-,L11-0203-
L12-0620-,L11-0103-,L11-0503-
L12-0706-,L11-0203-,L11-0103-
L12-0708-,L11-0203-,L11-0304-
L12-0807-,L11-0304-,L11-0203-
L12-0809-,L11-0304-,L11-0620-
L12-0908-,L11-0620-,L11-0304-
L12-0910-,L11-0620-,L11-1009-
L12-1009-,L11-1009-,L11-0620-
L12-1011-,L11-1009-,L11-0706-
L12-1110-,L11-0706-,L11-1009-
L12-1112-,L11-0706-,L11-0104-
L12-1211-,L11-0104-,L11-0706-
L12-1213-,L11-0104-,L11-1211-
L12-1312-,L11-1211-,L11-0104-
L12-1314-,L11-1211-,L11-1312-
L12-1413-,L11-1312-,L11-1211-
L12-1415-,L11-1312-,L11-0908-
L12-1514-,L11-0908-,L11-1312-
L12-1516-,L11-0908-,L11-0105-
L12-1615-,L11-0105-,L11-0908-
L12-1617-,L11-0105-,L11-0205-
L12-1716-,L11-0205-,L11-0105-
L12-1718-,L11-0205-,L11-0809-
L12-1817-,L11-0809-,L11-0205-
L12-1819-,L11-0809-,L11-0403-
L12-1918-,L11-0403-,L11-0809-
L12-1920-,L11-0403-,L11-0503-
L12-2006-,L11-0503-,L11-0103-
L12-2019-,L11-0503-,L11-0403-
L13-0102-,L12-0910-,L12-1514-
L13-0103-,L12-0910-,L12-1413-
L13-0104-,L12-0910-,L12-1314-
L13-0105-,L12-0910-,L12-0706-
L13-0201-,L12-1514-,L12-0910-
L13-0203-,L12-1514-,L12-1413-
L13-0204-,L12-1514-,L12-1314-
L13-0205-,L12-1514-,L12-0706-
L13-0301-,L12-1413-,L12-0910-
L13-0302-,L12-1413-,L12-1514-
L13-0304-,L12-1413-,L12-1314-
L13-0305-,L12-1413-,L12-0706-
L13-0401-,L12-1314-,L12-0910-
L13-0402-,L12-1314-,L12-1514-
L13-0403-,L12-1314-,L12-1413-
L13-0405-,L12-1314-,L12-0706-
L13-0501-,L12-0706-,L12-0910-
L13-0502-,L12-0706-,L12-1514-
L13-0503-,L12-0706-,L12-1413-
L13-0504-,L12-0706-,L12-1314-
L13-0607-,L12-0620-,L12-0502-
L13-0620-,L12-0620-,L12-1617-
L13-0706-,L12-0502-,L12-0620-
L13-0708-,L12-0502-,L12-0501-
L13-0807-,L12-0501-,L12-0502-
L13-0809-,L12-0501-,L12-1312-
L13-0908-,L12-1312-,L12-0501-
L13-0910-,L12-1312-,L12-0201-
L13-1009-,L12-0201-,L12-1312-
L13-1011-,L12-0201-,L12-0402-
L13-1110-,L12-0402-,L12-0201-
L13-1112-,L12-0402-,L12-0405-
L13-1211-,L12-0405-,L12-0402-
L13-1213-,L12-0405-,L12-1211-
L13-1312-,L12-1211-,L12-0405-
L13-1314-,L12-1211-,L12-0607-
L13-1413-,L12-0607-,L12-1211-
L13-1415-,L12-0607-,L12-0205-
L13-1514-,L12-0205-,L12-0607-
L13-1516-,L12-0205-,L12-0203-
L13-1615-,L12-0203-,L12-0205-
L13-1617-,L12-0203-,L12-0708-
L13-1716-,L12-0708-,L12-0203-
L13-1718-,L12-0708-,L12-0103-
L13-1817-,L12-0103-,L12-0708-
L13-1819-,L12-0103-,L12-1110-
L13-1918-,L12-1110-,L12-0103-
L13-1920-,L12-1110-,L12-1617-
L13-2006-,L12-1617-,L12-0620-
L13-2019-,L12-1617-,L12-1110-
L14-0102-,L13-0201-,L13-0607-
L14-0103-,L13-0201-,L13-0401-
L14-0104-,L13-0201-,L13-0203-
L14-0105-,L13-0201-,L13-0807-
L14-0201-,L13-0607-,L13-0201-
L14-0203-,L13-0607-,L13-0401-
L14-0204-,L13-0607-,L13-0203-
L14-0205-,L13-0607-,L13-0807-
L14-0301-,L13-0401-,L13-0201-
L14-0302-,L13-0401-,L13-0607-
L14-0304-,L13-0401-,L13-0203-
L14-0305-,L13-0401-,L13-0807-
L14-0401-,L13-0203-,L13-0201-
L14-0402-,L13-0203-,L13-0607-
L14-0403-,L13-0203-,L13-0401-
L14-0405-,L13-0203-,L13-0807-
L14-0501-,L13-0807-,L13-0201-
L14-0502-,L13-0807-,L13-0607-
L14-0503-,L13-0807-,L13-0401-
L14-0504-,L13-0807-,L13-0203-
L14-0607-,L13-0204-,L13-0908-
L14-0620-,L13-0204-,L13-1413-
L14-0706-,L13-0908-,L13-0204-
L14-0708-,L13-0908-,L13-1516-
L14-0807-,L13-1516-,L13-0908-
L14-0809-,L13-1516-,L13-1011-
L14-0908-,L13-1011-,L13-1516-
L14-0910-,L13-1011-,L13-0105-
L14-1009-,L13-0105-,L13-1011-
L14-1011-,L13-0105-,L13-0104-
L14-1110-,L13-0104-,L13-0105-
L14-1112-,L13-0104-,L13-1211-
L14-1211-,L13-1211-,L13-0104-
L14-1213-,L13-1211-,L13-1213-
L14-1312-,L13-1213-,L13-1211-
L14-1314-,L13-1213-,L13-0403-
L14-1413-,L13-0403-,L13-1213-
L14-1415-,L13-0403-,L13-0501-
L14-1514-,L13-0501-,L13-0403-
L14-1516-,L13-0501-,L13-1110-
L14-1615-,L13-1110-,L13-0501-
L14-1617-,L13-1110-,L13-1415-
L14-1716-,L13-1415-,L13-1110-
L14-1718-,L13-1415-,L13-0205-
L14-1817-,L13-0205-,L13-1415-
L14-1819-,L13-0205-,L13-0305-
L14-1918-,L13-0305-,L13-0205-
L14-1920-,L13-0305-,L13-1413-
L14-2006-,L13-1413-,L13-0204-
L14-2019-,L13-1413-,L13-0305-
L15-0103-,L14-0402-,L14-2006-
L15-0108-,L14-0402-,L14-1312-
L15-0118-,L14-0402-,L14-0203-
L15-0119-,L14-0402-,L14-0910-
L15-0209-,L14-1011-,L14-0807-
L15-0217-,L14-1011-,L14-0502-
L15-0301-,L14-2006-,L14-0402-
L15-0308-,L14-2006-,L14-1312-
L15-0318-,L14-2006-,L14-0203-
L15-0319-,L14-2006-,L14-0910-
L15-0411-,L14-0301-,L14-0102-
L15-0417-,L14-0301-,L14-0502-
L15-0510-,L14-0105-,L14-1213-
L15-0512-,L14-0105-,L14-0201-
L15-0607-,L14-0204-,L14-1110-
L15-0620-,L14-0204-,L14-0504-
L15-0706-,L14-1110-,L14-0204-
L15-0713-,L14-1110-,L14-1718-
L15-0801-,L14-1312-,L14-0402-
L15-0803-,L14-1312-,L14-2006-
L15-0818-,L14-1312-,L14-0203-
L15-0819-,L14-1312-,L14-0910-
L15-0902-,L14-0807-,L14-1011-
L15-0916-,L14-0807-,L14-0503-
L15-1005-,L14-1213-,L14-0105-
L15-1014-,L14-1213-,L14-0304-
L15-1104-,L14-0102-,L14-0301-
L15-1115-,L14-0102-,L14-1817-
L15-1205-,L14-0201-,L14-0105-
L15-1213-,L14-0201-,L14-1718-
L15-1307-,L14-1718-,L14-1110-
L15-1312-,L14-1718-,L14-0201-
L15-1410-,L14-0304-,L14-1213-
L15-1416-,L14-0304-,L14-0503-
L15-1511-,L14-1817-,L14-0102-
L15-1520-,L14-1817-,L14-0504-
L15-1609-,L14-0503-,L14-0807-
L15-1614-,L14-0503-,L14-0304-
L15-1702-,L14-0502-,L14-1011-
L15-1704-,L14-0502-,L14-0301-
L15-1801-,L14-0203-,L14-0402-
L15-1803-,L14-0203-,L14-2006-
L15-1808-,L14-0203-,L14-1312-
L15-1819-,L14-0203-,L14-0910-
L15-1901-,L14-0910-,L14-0402-
L15-1903-,L14-0910-,L14-2006-
L15-1908-,L14-0910-,L14-1312-
L15-1918-,L14-0910-,L14-0203-
L15-2006-,L14-0504-,L14-0204-
L15-2015-,L14-0504-,L14-1817-